Fecha,ALLSKY_SFC_SW_DWN,T2M,T2M_MAX,T2M_MIN,T2M_RANGE,RH2M,CLOUD_AMT,CLRSKY_SFC_SW_DWN,PRECTOTCORR
2020-01-01,4.8713,18.87,23.47,15.3,8.17,85.65,75.95,6.8179,1.67
2020-01-02,6.0058,19.03,24.79,15.38,9.41,84.94,45.61,6.8777,0.95
2020-01-03,6.185,19.09,25.37,13.59,11.78,77.95,32.61,6.9154,0.13
2020-01-04,6.3425,18.6,24.91,13.17,11.74,79.6,34.75,6.858,0.0
2020-01-05,6.2306,18.42,23.68,14.0,9.68,86.14,47.65,6.8774,0.0
2020-01-06,6.0706,18.8,24.22,14.62,9.6,85.41,53.51,6.9394,0.0
2020-01-07,6.3948,18.91,25.21,14.37,10.84,77.86,31.73,6.9199,0.0
2020-01-08,6.2196,17.81,25.21,11.21,14.0,72.74,30.07,6.9782,0.0
2020-01-09,6.5638,18.09,25.36,12.63,12.73,74.42,32.48,7.2458,0.0
2020-01-10,6.7574,16.7,24.49,10.2,14.29,72.36,22.03,7.1794,0.0
2020-01-11,5.6088,17.68,24.72,10.54,14.18,74.01,56.39,6.9353,0.0
2020-01-12,5.2541,18.63,25.21,12.96,12.25,76.33,53.09,6.971,0.0
2020-01-13,6.379,19.32,25.42,14.0,11.42,75.33,39.65,7.0428,0.0
2020-01-14,5.179,19.32,25.07,14.49,10.58,75.45,56.65,6.9542,0.0
2020-01-15,5.4929,19.32,25.07,15.05,10.02,76.57,52.08,6.8899,0.0
2020-01-16,4.2398,19.57,25.77,13.99,11.78,74.93,77.28,6.8215,1.0
2020-01-17,4.0466,19.9,25.07,16.19,8.88,75.06,76.46,6.924,2.72
2020-01-18,4.9099,20.24,26.08,15.72,10.36,73.72,53.34,6.8177,0.52
2020-01-19,4.7266,20.84,26.58,16.83,9.75,75.52,76.79,6.864,1.57
2020-01-20,3.8227,19.4,23.61,16.33,7.28,83.65,99.24,6.8614,0.94
2020-01-21,3.3444,18.68,23.82,15.93,7.89,86.75,93.67,6.7783,2.92
2020-01-22,3.3216,17.85,22.03,14.97,7.06,86.16,91.01,6.689,0.92
2020-01-23,5.0083,18.35,23.64,13.55,10.09,83.55,71.25,6.9034,0.04
2020-01-24,4.0418,18.07,22.52,15.6,6.92,84.76,98.11,6.647,0.69
2020-01-25,4.813,18.65,23.08,15.13,7.95,85.63,81.85,6.8611,2.78
2020-01-26,4.5958,19.47,24.58,15.33,9.25,81.07,80.43,6.8042,3.11
2020-01-27,5.1557,18.67,22.83,15.68,7.15,88.55,62.21,6.8141,2.56
2020-01-28,5.287,18.51,23.29,15.09,8.2,84.51,54.5,6.9864,0.59
2020-01-29,5.8416,18.78,24.78,14.02,10.76,82.71,53.17,7.037,0.34
2020-01-30,5.297,19.49,25.78,14.42,11.36,75.61,61.1,6.8988,0.06
2020-01-31,4.9373,19.23,25.01,13.62,11.39,73.25,54.0,6.8707,0.0
2020-02-01,4.319,20.38,25.56,16.6,8.96,77.07,87.39,6.8203,1.03
2020-02-02,5.0016,20.2,25.78,15.78,10.0,76.48,90.24,7.0099,1.02
2020-02-03,5.9592,19.12,26.09,12.8,13.29,73.95,36.58,7.02,0.02
2020-02-04,6.439,17.96,26.15,10.87,15.28,67.71,30.64,7.3481,0.0
2020-02-05,7.1525,17.87,26.22,10.99,15.23,62.57,22.89,7.5898,0.0
2020-02-06,7.1014,17.66,26.02,9.69,16.33,66.47,33.73,7.4988,0.0
2020-02-07,6.2976,18.63,26.41,11.34,15.07,65.5,44.78,7.2941,0.0
2020-02-08,5.1761,18.63,24.06,14.57,9.49,80.12,69.03,7.0726,6.22
2020-02-09,5.9143,18.86,24.52,14.56,9.96,82.33,44.9,7.0344,36.81
2020-02-10,6.8926,18.65,25.52,13.03,12.49,71.53,45.89,7.5754,1.89
2020-02-11,7.1244,17.91,26.0,10.8,15.2,69.91,22.77,7.4388,0.0
2020-02-12,6.8443,18.94,26.31,11.44,14.87,72.96,28.44,7.1837,0.0
2020-02-13,6.1356,20.16,26.66,14.42,12.24,74.58,58.58,7.3344,0.12
2020-02-14,4.6222,20.0,24.61,16.26,8.35,78.78,76.5,7.0999,1.29
2020-02-15,4.8281,19.48,25.31,14.97,10.34,73.27,76.25,7.0786,0.61
2020-02-16,5.8423,19.11,26.01,13.23,12.78,71.58,49.78,7.2564,0.41
2020-02-17,5.8764,19.26,26.22,14.39,11.83,72.19,48.26,7.3932,0.19
2020-02-18,6.4418,20.57,27.51,14.98,12.53,72.22,39.94,7.4059,0.0
2020-02-19,4.4652,21.17,26.83,16.18,10.65,76.35,82.52,7.3286,0.35
2020-02-20,4.5084,20.8,26.17,16.96,9.21,74.91,93.37,7.277,0.54
2020-02-21,4.9543,19.55,23.94,16.36,7.58,82.79,85.55,6.9634,8.87
2020-02-22,3.5429,19.49,23.31,16.98,6.33,86.02,99.76,6.8285,4.54
2020-02-23,3.3998,19.78,24.71,16.41,8.3,84.35,99.65,6.7596,29.72
2020-02-24,3.1714,18.99,22.73,16.58,6.15,89.67,96.43,6.99,19.79
2020-02-25,4.7695,19.27,23.31,16.89,6.42,87.87,93.84,7.0044,8.07
2020-02-26,4.0334,18.14,21.0,16.12,4.88,89.78,92.71,7.0733,3.69
2020-02-27,5.4598,18.59,22.81,15.94,6.87,85.6,69.08,7.2122,0.43
2020-02-28,4.921,19.57,24.5,16.13,8.37,81.7,74.22,7.0618,0.17
2020-02-29,4.685,20.0,26.2,14.87,11.33,78.11,83.88,7.128,6.61
2020-03-01,4.5922,20.3,25.58,15.9,9.68,79.6,78.31,7.1806,8.94
2020-03-02,5.2428,20.09,25.22,15.42,9.8,80.36,73.65,7.1491,4.62
2020-03-03,5.267,20.72,26.34,16.39,9.95,79.1,73.68,7.1227,3.88
2020-03-04,6.1414,20.28,26.14,14.99,11.15,75.95,50.7,7.2874,0.04
2020-03-05,6.5227,18.8,26.82,11.04,15.78,68.05,37.85,7.5458,0.0
2020-03-06,5.9395,19.13,26.19,11.91,14.28,66.83,58.09,7.3466,0.06
2020-03-07,4.2902,19.99,26.45,13.79,12.66,75.75,92.51,7.0627,0.7
2020-03-08,3.8472,19.83,24.96,16.73,8.23,84.17,81.13,6.4862,1.15
2020-03-09,3.4349,19.66,24.14,16.25,7.89,82.42,93.59,6.6998,7.91
2020-03-10,4.8343,20.06,25.33,15.61,9.72,78.56,89.71,6.9679,8.22
2020-03-11,5.2339,19.9,24.94,15.5,9.44,80.13,79.06,7.063,2.49
2020-03-12,3.8057,20.04,24.8,16.22,8.58,81.05,79.77,6.9298,0.68
2020-03-13,4.4897,19.44,23.29,17.07,6.22,85.1,85.25,6.6734,8.85
2020-03-14,3.6355,18.09,21.24,15.7,5.54,89.5,92.38,7.0718,10.63
2020-03-15,3.5088,19.02,23.68,16.04,7.64,86.36,89.12,6.7831,11.8
2020-03-16,4.5941,19.04,23.32,15.63,7.69,83.61,91.67,6.661,2.47
2020-03-17,5.5668,19.01,24.07,14.94,9.13,82.07,59.57,6.8686,0.63
2020-03-18,4.9584,19.28,24.57,14.6,9.97,81.19,80.5,6.4846,0.11
2020-03-19,4.7261,19.53,24.31,15.55,8.76,77.0,81.13,6.3168,0.14
2020-03-20,3.323,18.18,22.36,15.64,6.72,84.22,86.62,5.9947,0.53
2020-03-21,5.647,16.98,20.58,14.21,6.37,86.75,53.66,7.1206,0.3
2020-03-22,6.3055,18.41,24.87,12.47,12.4,73.9,37.76,7.1134,0.07
2020-03-23,4.2864,18.8,23.72,13.84,9.88,77.69,82.34,6.5789,0.87
2020-03-24,3.2623,18.82,23.75,15.51,8.24,84.67,87.41,6.3166,1.87
2020-03-25,4.8713,19.41,24.64,15.47,9.17,82.48,74.56,6.6677,2.49
2020-03-26,4.3802,19.0,23.41,15.97,7.44,84.98,83.69,6.6403,1.29
2020-03-27,4.9639,19.17,23.81,15.14,8.67,81.4,47.75,6.5738,0.12
2020-03-28,4.8662,19.86,25.7,15.44,10.26,78.31,71.87,6.7548,0.01
2020-03-29,4.4844,19.83,25.96,14.59,11.37,76.25,72.53,6.5916,0.94
2020-03-30,2.9227,20.23,25.88,16.04,9.84,78.76,93.44,6.6151,11.06
2020-03-31,3.845,19.93,24.95,15.88,9.07,80.71,89.02,6.6828,13.14
2020-04-01,2.8882,19.55,24.55,16.26,8.29,84.81,95.51,7.081,14.74
2020-04-02,4.4489,20.05,24.98,16.55,8.43,80.87,89.28,7.1434,2.73
2020-04-03,5.4679,20.15,25.0,15.65,9.35,77.34,72.85,7.1479,0.09
2020-04-04,4.5607,20.78,26.14,15.63,10.51,78.15,79.94,7.1834,7.15
2020-04-05,4.1009,21.19,26.18,17.71,8.47,78.32,98.4,7.429,5.44
2020-04-06,4.1647,20.28,24.56,16.82,7.74,79.01,98.61,7.1076,12.26
2020-04-07,4.4712,20.68,26.05,16.02,10.03,73.7,92.57,7.177,4.41
2020-04-08,5.1413,20.38,26.11,15.59,10.52,76.21,84.99,7.1899,0.07
2020-04-09,4.6397,19.45,24.77,15.84,8.93,83.72,97.15,7.4395,5.97
2020-04-10,4.8108,20.39,25.57,15.26,10.31,78.21,88.83,7.2605,0.98
2020-04-11,3.7738,20.68,25.81,16.17,9.64,78.55,99.02,7.009,4.67
2020-04-12,3.3799,20.74,26.51,16.72,9.79,76.01,94.21,6.871,0.51
2020-04-13,6.2021,20.16,26.58,14.96,11.62,73.87,78.43,7.3742,0.86
2020-04-14,5.3904,19.28,23.96,15.58,8.38,83.26,73.17,7.3049,2.11
2020-04-15,5.0196,18.32,22.38,15.46,6.92,85.16,68.21,6.965,0.85
2020-04-16,4.4628,18.18,22.94,14.68,8.26,81.31,71.84,6.8218,1.06
2020-04-17,3.2609,19.15,23.75,15.84,7.91,80.77,95.59,6.7526,11.88
2020-04-18,4.3649,18.6,22.65,15.59,7.06,83.28,79.63,6.4862,6.4
2020-04-19,4.9462,18.82,23.32,14.94,8.38,82.9,77.68,6.936,10.67
2020-04-20,5.8138,19.34,24.24,14.27,9.97,79.96,67.17,7.3517,10.99
2020-04-21,4.2785,19.01,23.7,15.4,8.3,82.14,89.13,7.3418,10.41
2020-04-22,4.4071,18.77,22.91,15.09,7.82,86.34,93.19,7.337,7.3
2020-04-23,4.2785,19.28,23.9,15.44,8.46,81.25,90.37,7.0579,8.22
2020-04-24,5.0424,18.83,22.69,14.72,7.97,83.3,82.0,7.4184,1.02
2020-04-25,4.9997,18.84,22.09,16.31,5.78,87.42,68.66,7.2074,1.53
2020-04-26,5.8918,19.72,25.33,14.84,10.49,74.68,57.38,7.2355,0.44
2020-04-27,5.1269,19.93,25.96,14.93,11.03,70.72,86.18,7.1729,1.5
2020-04-28,4.5602,19.87,25.65,15.19,10.46,76.08,83.72,7.0901,4.36
2020-04-29,4.3927,19.96,25.23,15.07,10.16,79.72,92.0,6.9106,4.82
2020-04-30,4.2065,20.07,24.99,15.98,9.01,82.44,84.6,7.2103,12.67
2020-05-01,3.6946,19.79,23.05,17.04,6.01,83.94,96.08,7.1578,8.11
2020-05-02,4.0433,20.4,26.17,15.74,10.43,77.78,88.99,6.8866,4.9
2020-05-03,3.8878,19.72,24.29,16.01,8.28,79.7,99.02,7.1376,8.81
2020-05-04,4.2703,19.78,25.56,14.74,10.82,77.53,93.87,7.1342,3.04
2020-05-05,4.5785,19.5,24.91,14.99,9.92,76.15,91.77,7.3279,1.03
2020-05-06,4.4436,19.09,24.24,14.1,10.14,77.42,98.37,7.2902,14.62
2020-05-07,3.7783,19.66,24.31,15.37,8.94,78.61,85.77,7.3577,10.11
2020-05-08,3.2218,19.62,25.48,14.96,10.52,78.9,98.81,7.2922,1.78
2020-05-09,5.0801,20.04,25.48,15.27,10.21,76.67,81.82,7.0193,6.47
2020-05-10,5.093,20.55,26.27,15.49,10.78,78.89,96.84,7.1554,4.2
2020-05-11,5.2164,20.21,25.51,16.03,9.48,80.64,89.02,7.2185,1.1
2020-05-12,3.774,20.69,26.09,16.04,10.05,78.68,99.2,7.0222,6.68
2020-05-13,2.6993,19.19,23.43,16.28,7.15,84.61,96.22,6.8856,8.59
2020-05-14,5.2099,19.58,24.79,15.05,9.74,80.49,60.21,7.2326,1.87
2020-05-15,4.9769,19.91,24.77,15.62,9.15,77.84,89.77,7.2766,1.31
2020-05-16,5.561,20.12,24.56,16.45,8.11,75.27,82.87,7.4114,0.1
2020-05-17,4.7326,19.83,24.9,14.58,10.32,76.79,95.22,7.0786,1.08
2020-05-18,4.9848,19.88,25.02,15.41,9.61,78.93,86.78,7.2014,4.73
2020-05-19,3.1637,19.27,23.91,15.35,8.56,81.08,95.94,6.7752,5.7
2020-05-20,5.0551,20.1,25.76,14.39,11.37,76.03,51.54,7.0565,0.28
2020-05-21,4.7148,20.28,25.64,14.56,11.08,74.84,80.97,7.1477,0.11
2020-05-22,4.211,19.99,25.22,14.89,10.33,76.3,84.42,7.0457,1.67
2020-05-23,5.143,20.04,25.51,14.98,10.53,76.59,72.1,7.2115,7.69
2020-05-24,4.3694,19.22,24.47,15.09,9.38,76.83,81.29,7.0954,1.63
2020-05-25,4.9541,19.34,25.2,12.95,12.25,75.58,90.82,7.1107,0.5
2020-05-26,4.2722,19.88,25.56,14.49,11.07,76.53,93.01,6.9298,4.56
2020-05-27,4.1239,18.67,22.35,16.15,6.2,81.05,98.85,6.797,2.01
2020-05-28,3.8254,18.91,24.06,14.52,9.54,77.93,96.28,6.6,2.13
2020-05-29,4.3678,19.03,23.96,15.0,8.96,81.79,90.97,6.8506,7.92
2020-05-30,3.3842,18.37,22.8,15.27,7.53,84.96,98.77,6.8378,9.36
2020-05-31,4.2598,18.48,23.41,14.65,8.76,83.12,92.94,6.9718,8.79
2020-06-01,4.7179,18.56,23.32,14.5,8.82,83.22,89.98,7.279,12.59
2020-06-02,4.7966,19.16,24.35,14.33,10.02,80.08,84.82,7.032,12.45
2020-06-03,2.2781,18.63,22.43,14.98,7.45,82.02,98.78,6.833,26.51
2020-06-04,5.6815,19.49,25.02,14.64,10.38,77.26,61.08,6.9314,5.23
2020-06-05,4.229,18.86,23.76,14.81,8.95,78.53,92.55,6.7241,3.93
2020-06-06,4.3046,18.49,24.43,13.84,10.59,77.47,98.9,6.9833,1.44
2020-06-07,5.0803,17.91,23.88,12.6,11.28,77.74,61.81,7.0853,106.36
2020-06-08,4.0822,17.4,22.25,13.68,8.57,80.21,77.75,7.026,17.73
2020-06-09,5.8034,18.0,23.73,11.82,11.91,76.0,72.46,6.9583,0.14
2020-06-10,4.7167,18.28,23.28,13.18,10.1,80.81,83.77,6.8729,7.29
2020-06-11,4.5139,18.0,21.59,15.02,6.57,88.55,87.79,6.9223,5.89
2020-06-12,4.0776,18.18,22.53,14.87,7.66,88.5,88.6,6.9058,11.24
2020-06-13,4.6399,19.3,24.34,14.71,9.63,79.2,83.19,6.9185,2.47
2020-06-14,3.8801,18.0,22.95,13.22,9.73,79.95,96.33,6.631,3.45
2020-06-15,5.0885,17.33,22.79,12.36,10.43,79.46,83.81,6.9463,0.2
2020-06-16,4.8854,18.29,23.86,12.3,11.56,79.06,71.71,6.8482,15.6
2020-06-17,3.4663,18.96,24.57,13.35,11.22,79.73,94.33,6.9787,7.08
2020-06-18,4.3368,18.98,24.24,14.55,9.69,79.84,88.1,6.7867,10.67
2020-06-19,5.3686,19.25,24.18,15.03,9.15,77.28,79.07,6.99,2.53
2020-06-20,3.9518,18.95,24.32,13.89,10.43,76.38,98.32,6.8035,20.22
2020-06-21,5.5085,18.51,23.74,14.3,9.44,78.57,79.25,7.0543,4.09
2020-06-22,4.3178,18.23,23.35,13.26,10.09,76.9,89.91,7.0022,3.7
2020-06-23,4.6152,18.32,23.09,14.29,8.8,76.88,75.96,6.7584,7.44
2020-06-24,5.2589,18.48,24.51,12.64,11.87,73.6,79.05,6.6806,0.91
2020-06-25,4.3896,19.17,24.17,14.94,9.23,75.95,91.63,6.6715,5.54
2020-06-26,4.0726,19.05,23.61,15.4,8.21,78.9,91.16,6.9329,4.43
2020-06-27,4.5816,18.59,24.23,12.73,11.5,77.16,96.95,6.7699,4.71
2020-06-28,3.1716,18.28,23.56,13.55,10.01,79.49,99.65,6.81,8.51
2020-06-29,5.1276,18.31,23.12,13.65,9.47,80.0,73.28,6.948,0.18
2020-06-30,5.5248,18.8,24.07,13.63,10.44,75.91,84.46,6.913,0.01
2020-07-01,4.0267,18.58,23.5,14.17,9.33,79.01,94.01,6.9569,15.58
2020-07-02,4.4069,18.83,23.75,14.24,9.51,77.83,93.38,6.8429,4.47
2020-07-03,4.2053,18.86,24.2,14.71,9.49,76.81,88.05,7.0577,11.03
2020-07-04,3.48,18.99,24.23,14.37,9.86,76.15,99.69,6.5688,9.6
2020-07-05,4.4743,18.76,23.61,14.16,9.45,79.17,94.73,6.6626,5.28
2020-07-06,4.572,18.6,23.69,13.78,9.91,78.43,90.12,6.9168,6.24
2020-07-07,4.2218,18.01,22.41,13.89,8.52,80.33,88.78,6.948,2.58
2020-07-08,4.9315,18.72,24.42,12.95,11.47,75.93,75.18,6.9782,5.81
2020-07-09,5.1778,18.57,24.18,12.89,11.29,79.71,82.37,7.0901,12.73
2020-07-10,4.6231,18.11,21.52,15.65,5.87,83.7,98.0,6.9612,9.57
2020-07-11,4.1986,17.96,22.61,13.92,8.69,80.9,98.49,6.8976,6.76
2020-07-12,3.8544,18.44,23.07,13.6,9.47,78.44,94.12,6.7464,0.73
2020-07-13,5.2298,18.37,23.58,13.74,9.84,76.74,78.5,7.1038,5.1
2020-07-14,5.0777,17.65,23.77,12.51,11.26,75.65,81.03,7.1669,0.76
2020-07-15,4.5538,17.1,22.19,12.58,9.61,77.83,86.85,7.1098,8.02
2020-07-16,5.4912,17.48,23.24,11.15,12.09,79.0,67.22,7.1856,2.04
2020-07-17,5.4595,18.37,23.26,13.83,9.43,77.38,70.28,7.1172,0.48
2020-07-18,5.5709,18.11,23.12,12.42,10.7,77.4,64.77,7.1676,5.11
2020-07-19,4.5924,18.16,23.36,13.77,9.59,76.96,93.35,7.2737,0.37
2020-07-20,4.2396,17.6,23.1,12.34,10.76,78.99,92.16,6.9502,0.15
2020-07-21,4.7803,18.12,24.0,12.33,11.67,76.52,87.77,7.0272,1.68
2020-07-22,4.1069,18.25,23.18,13.86,9.32,79.7,97.05,6.899,8.01
2020-07-23,3.7246,19.18,24.49,14.21,10.28,75.53,98.48,6.7822,4.63
2020-07-24,3.2602,18.51,23.35,14.67,8.68,79.13,96.79,6.7015,25.93
2020-07-25,2.3136,17.95,23.15,13.7,9.45,81.48,92.56,6.8004,5.6
2020-07-26,5.4264,17.41,22.49,13.65,8.84,79.07,84.42,7.0766,0.85
2020-07-27,4.7758,17.83,23.62,12.37,11.25,75.76,86.31,7.1904,1.43
2020-07-28,4.5118,18.69,24.32,13.23,11.09,73.95,85.57,6.9888,1.58
2020-07-29,4.9104,18.94,24.53,13.53,11.0,77.7,67.45,7.1086,35.5
2020-07-30,4.8974,18.5,23.59,14.38,9.21,80.27,88.47,7.2084,7.36
2020-07-31,5.3359,18.4,24.19,13.41,10.78,77.07,78.79,7.158,0.23
2020-08-01,5.2802,17.83,24.18,12.6,11.58,73.19,77.63,7.2298,0.01
2020-08-02,5.9911,17.89,24.32,11.78,12.54,75.35,57.65,7.2864,0.0
2020-08-03,5.1089,18.06,23.43,13.43,10.0,76.9,80.77,7.2055,1.29
2020-08-04,4.6896,17.47,23.09,11.95,11.14,77.68,80.7,6.9182,1.39
2020-08-05,4.1045,17.87,23.14,13.17,9.97,78.33,91.14,6.8256,0.53
2020-08-06,4.3834,18.18,23.96,13.08,10.88,77.77,87.98,6.4841,0.14
2020-08-07,4.2938,18.3,24.03,13.36,10.67,77.51,86.07,6.954,1.33
2020-08-08,4.4803,18.66,24.87,13.33,11.54,78.0,67.17,7.2725,0.4
2020-08-09,4.4314,18.62,24.22,13.63,10.59,76.92,76.89,6.8227,0.04
2020-08-10,3.7505,19.39,25.02,13.16,11.86,74.29,95.28,6.0602,0.06
2020-08-11,4.8403,20.06,25.81,14.69,11.12,75.01,75.89,6.5945,1.9
2020-08-12,4.7491,20.26,26.09,15.07,11.02,77.4,92.82,6.8028,6.93
2020-08-13,4.0248,19.56,24.13,15.44,8.69,78.96,92.9,6.6547,4.74
2020-08-14,4.6382,19.79,25.79,14.43,11.36,75.07,96.25,6.9415,2.79
2020-08-15,3.9463,19.58,24.88,15.15,9.73,75.65,94.71,7.1148,2.06
2020-08-16,4.3968,19.68,25.49,14.37,11.12,72.24,91.28,7.3298,0.53
2020-08-17,2.2752,19.25,23.73,15.67,8.06,78.23,99.26,7.2761,3.88
2020-08-18,4.6781,18.97,23.14,15.29,7.85,85.41,89.08,7.145,9.18
2020-08-19,4.0313,18.92,23.07,15.84,7.23,85.53,89.71,7.2089,4.7
2020-08-20,4.2881,19.87,25.26,14.57,10.69,77.84,87.89,7.3805,2.35
2020-08-21,4.6193,18.75,23.66,13.74,9.92,78.01,90.37,7.4035,6.0
2020-08-22,4.939,18.07,22.24,14.95,7.29,79.49,89.69,7.3387,14.25
2020-08-23,4.5593,18.06,23.59,12.64,10.95,80.06,86.12,7.3399,9.93
2020-08-24,6.2268,19.3,24.81,14.18,10.63,78.09,68.96,7.3752,14.03
2020-08-25,5.1,18.92,23.55,15.17,8.38,79.71,85.44,7.2593,4.31
2020-08-26,4.3186,19.24,24.97,14.92,10.05,78.3,82.38,7.1508,0.72
2020-08-27,4.2163,18.59,23.73,13.29,10.44,77.24,82.87,7.201,2.19
2020-08-28,5.8416,19.1,25.18,13.06,12.12,74.55,70.66,7.3992,0.03
2020-08-29,5.4254,18.76,24.71,13.84,10.87,75.0,78.53,7.4138,5.62
2020-08-30,3.7322,17.34,21.21,15.05,6.16,87.24,94.37,7.2972,11.91
2020-08-31,5.6551,18.03,22.17,14.84,7.33,81.32,66.71,7.3632,8.1
2020-09-01,5.3657,18.88,24.28,13.7,10.58,72.9,80.93,7.4282,1.15
2020-09-02,4.4155,17.97,21.97,14.66,7.31,82.97,91.57,7.3771,14.14
2020-09-03,5.5824,18.73,23.4,14.92,8.48,79.82,78.78,7.4933,6.03
2020-09-04,4.865,18.6,24.29,12.86,11.43,77.07,84.55,7.4083,5.16
2020-09-05,6.6283,19.1,25.16,13.34,11.82,76.43,56.84,7.663,8.22
2020-09-06,5.5956,19.14,24.37,13.33,11.04,76.56,80.18,7.4964,5.86
2020-09-07,5.2241,19.45,24.99,15.67,9.32,77.59,75.17,7.4076,2.78
2020-09-08,4.4338,18.04,22.3,14.68,7.62,83.49,87.85,7.4455,1.86
2020-09-09,5.4468,18.7,24.19,13.21,10.98,76.76,70.6,7.4246,4.64
2020-09-10,5.8097,19.27,24.95,13.77,11.18,74.56,74.75,7.4513,0.25
2020-09-11,5.562,19.4,24.8,15.41,9.39,77.38,78.96,7.2912,0.14
2020-09-12,4.9044,18.75,24.22,13.73,10.49,80.34,79.01,7.3325,1.4
2020-09-13,5.197,19.66,25.41,14.65,10.76,72.4,73.4,7.3495,0.25
2020-09-14,5.7209,19.41,26.26,14.49,11.77,70.07,57.68,7.3886,0.01
2020-09-15,4.3776,18.75,24.54,13.5,11.04,72.8,74.47,7.6075,1.02
2020-09-16,4.8492,19.28,25.53,13.73,11.8,74.29,90.16,7.5322,5.83
2020-09-17,4.9517,19.18,24.11,15.21,8.9,81.29,76.0,7.5221,4.91
2020-09-18,5.2618,19.47,24.83,15.87,8.96,82.9,80.18,7.5118,3.64
2020-09-19,4.7602,18.97,23.07,15.57,7.5,84.81,91.35,7.5322,29.28
2020-09-20,5.2757,19.48,24.34,15.51,8.83,76.89,89.75,7.4263,1.13
2020-09-21,5.3743,19.17,25.61,13.83,11.78,72.19,92.38,7.4998,0.31
2020-09-22,6.2419,19.58,26.73,13.0,13.73,68.22,87.06,7.5278,2.0
2020-09-23,4.6039,18.86,23.7,14.24,9.46,73.63,96.31,7.3375,3.99
2020-09-24,4.2799,18.42,24.78,13.53,11.25,73.0,89.61,7.5314,0.39
2020-09-25,5.5994,18.45,25.37,11.65,13.72,69.89,83.61,7.584,0.13
2020-09-26,3.8028,18.8,24.36,13.99,10.37,74.54,88.7,7.3718,0.17
2020-09-27,5.4336,18.38,24.25,13.85,10.4,76.82,85.67,7.5302,1.97
2020-09-28,5.3719,19.14,25.82,12.49,13.33,73.03,69.55,7.4746,1.24
2020-09-29,5.2985,18.93,24.43,14.43,10.0,75.93,88.91,7.3699,10.96
2020-09-30,4.4033,18.4,24.06,13.74,10.32,72.72,90.1,7.3958,0.41
2020-10-01,5.448,18.66,24.71,13.69,11.02,71.53,78.44,7.4695,0.03
2020-10-02,5.7955,19.01,24.72,12.69,12.03,70.03,79.39,7.5077,0.0
2020-10-03,4.1525,19.2,23.67,14.48,9.19,75.32,86.48,7.2662,3.38
2020-10-04,4.2638,18.61,25.03,13.92,11.11,75.32,90.13,7.463,0.5
2020-10-05,5.2666,18.26,24.84,12.01,12.83,70.63,85.28,7.4561,0.18
2020-10-06,5.0515,19.27,25.44,13.23,12.21,71.22,89.31,7.4482,0.02
2020-10-07,4.1866,18.94,25.01,14.36,10.65,71.81,81.39,7.5391,1.47
2020-10-08,4.4342,18.17,25.07,12.08,12.99,72.64,96.48,7.2898,0.32
2020-10-09,5.2622,19.0,25.94,12.65,13.29,67.36,71.95,7.283,0.0
2020-10-10,4.7525,18.88,26.32,12.03,14.29,68.56,76.51,7.5454,0.0
2020-10-11,6.0456,19.14,26.16,13.23,12.93,72.63,79.48,7.4995,5.35
2020-10-12,5.5082,19.13,24.92,14.47,10.45,72.31,85.81,7.3819,2.8
2020-10-13,4.5535,17.91,23.66,12.77,10.89,68.44,88.18,7.2859,0.09
2020-10-14,4.4846,19.24,25.19,13.37,11.82,68.13,74.9,7.237,0.03
2020-10-15,5.2788,19.85,25.9,14.87,11.03,68.65,78.33,7.3411,0.07
2020-10-16,4.9195,18.84,24.88,13.99,10.89,68.43,80.79,7.3483,0.01
2020-10-17,4.6776,18.89,26.17,12.35,13.82,69.84,84.89,7.2178,11.81
2020-10-18,5.2558,19.07,25.91,13.04,12.87,72.65,86.28,7.1779,3.21
2020-10-19,4.4794,19.0,24.39,15.78,8.61,71.35,91.68,7.2494,0.01
2020-10-20,5.088,19.63,25.17,15.21,9.96,67.77,77.32,7.2209,0.0
2020-10-21,4.7429,19.79,25.38,15.38,10.0,73.35,86.14,7.1599,1.88
2020-10-22,4.6433,20.04,25.88,14.87,11.01,69.28,88.63,7.0903,0.18
2020-10-23,5.8553,20.1,26.32,14.71,11.61,66.68,88.61,7.3603,0.0
2020-10-24,3.6134,19.57,25.38,15.04,10.34,71.95,96.42,7.1568,0.59
2020-10-25,5.4773,20.27,26.6,14.65,11.95,73.19,74.68,7.1254,0.61
2020-10-26,5.2054,20.6,26.25,15.75,10.5,72.36,78.39,7.2482,0.0
2020-10-27,5.0035,19.5,24.4,16.33,8.07,77.7,95.74,7.1746,2.18
2020-10-28,3.4164,18.91,24.7,15.31,9.39,83.96,99.13,7.1213,24.07
2020-10-29,5.2956,19.52,25.26,15.17,10.09,76.33,80.16,7.2619,1.52
2020-10-30,4.6754,19.07,23.98,15.11,8.87,79.82,90.05,7.1875,0.36
2020-10-31,3.6461,18.23,21.45,15.3,6.15,83.8,96.25,7.1114,0.06
2020-11-01,4.3414,18.59,22.72,15.83,6.89,79.82,98.46,7.2067,0.05
2020-11-02,5.7802,19.08,23.43,15.67,7.76,79.1,66.54,7.1863,0.0
2020-11-03,4.969,19.1,23.98,15.3,8.68,80.36,73.95,7.2019,0.0
2020-11-04,4.8283,18.7,22.75,16.12,6.63,84.37,84.92,7.1465,0.0
2020-11-05,4.8614,19.19,24.0,15.43,8.57,78.72,81.08,6.9142,0.0
2020-11-06,4.0262,18.62,23.75,15.48,8.27,82.06,85.1,6.9386,0.0
2020-11-07,3.605,18.51,22.38,15.22,7.16,81.4,96.09,6.8114,0.0
2020-11-08,4.6884,18.77,22.3,15.75,6.55,76.03,81.63,6.8021,0.42
2020-11-09,4.5773,18.56,22.77,15.02,7.75,80.92,85.69,6.8686,0.33
2020-11-10,4.2166,17.9,21.55,15.34,6.21,84.9,93.38,6.637,22.36
2020-11-11,4.3046,17.84,21.13,15.74,5.39,89.07,91.05,7.0802,8.9
2020-11-12,3.6689,18.88,23.22,15.74,7.48,83.75,99.29,6.895,0.35
2020-11-13,4.2365,17.93,21.44,15.24,6.2,82.66,94.66,6.9869,0.01
2020-11-14,4.8557,17.9,21.52,15.27,6.25,82.72,88.36,6.9991,0.0
2020-11-15,4.4868,17.8,21.41,14.78,6.63,86.17,87.56,6.8954,10.46
2020-11-16,3.5244,17.51,21.71,14.25,7.46,85.54,98.83,6.8184,10.16
2020-11-17,3.2863,17.98,22.14,14.69,7.45,86.36,99.37,6.7318,0.99
2020-11-18,4.3087,17.96,22.28,14.18,8.1,83.45,92.24,6.8006,0.02
2020-11-19,4.3022,18.2,22.5,14.9,7.6,84.05,84.29,6.8532,1.72
2020-11-20,4.7057,18.87,23.3,15.52,7.78,83.86,90.48,6.851,3.94
2020-11-21,5.1374,18.73,22.1,15.93,6.17,83.03,75.91,6.863,4.26
2020-11-22,5.207,19.5,24.57,15.16,9.41,75.4,84.59,6.9463,0.43
2020-11-23,4.6843,19.16,23.29,16.33,6.96,79.52,78.93,6.8006,4.79
2020-11-24,5.0026,18.74,24.14,13.94,10.2,75.74,72.71,6.8035,1.41
2020-11-25,4.3445,19.31,24.13,15.53,8.6,80.09,82.11,6.7918,0.0
2020-11-26,3.9228,19.09,23.81,15.48,8.33,80.86,92.02,6.7262,0.01
2020-11-27,4.1645,18.23,21.52,15.36,6.16,84.03,98.2,6.6259,0.17
2020-11-28,4.3159,19.03,23.22,15.8,7.42,80.72,90.07,6.5429,0.09
2020-11-29,5.3494,18.86,23.67,14.79,8.88,77.12,70.72,6.7687,0.0
2020-11-30,4.9997,19.8,24.77,15.39,9.38,74.06,74.3,6.7738,0.24
2020-12-01,4.5667,19.18,23.43,15.15,8.28,78.96,90.97,6.81,0.16
2020-12-02,4.3346,19.42,24.38,15.3,9.08,77.86,88.5,6.7685,2.03
2020-12-03,4.3865,19.17,23.55,16.17,7.38,82.18,86.97,6.87,4.56
2020-12-04,5.5949,20.06,26.86,14.42,12.44,68.95,62.01,6.8736,0.39
2020-12-05,4.193,20.09,25.6,15.65,9.95,73.19,71.46,6.8765,0.62
2020-12-06,5.1893,19.33,24.04,15.44,8.6,79.26,61.34,6.8671,0.09
2020-12-07,4.8814,20.14,25.88,15.05,10.83,72.07,92.82,6.7157,0.01
2020-12-08,4.5478,20.01,25.36,15.62,9.74,72.26,96.25,6.7457,0.08
2020-12-09,3.8981,19.79,25.88,14.84,11.04,73.36,91.01,6.6629,0.04
2020-12-10,5.2728,19.67,25.47,15.08,10.39,72.69,63.67,6.9252,0.21
2020-12-11,5.4499,20.16,26.62,14.58,12.04,69.15,69.09,6.7862,0.1
2020-12-12,5.3388,19.94,26.92,14.58,12.34,65.33,59.97,6.641,0.0
2020-12-13,5.6808,18.92,26.58,12.86,13.72,60.15,49.17,6.9386,0.0
2020-12-14,5.309,19.83,26.92,11.88,15.04,63.6,70.25,6.8993,0.0
2020-12-15,4.7808,19.62,24.56,16.62,7.94,71.56,91.25,6.7841,0.0
2020-12-16,5.2265,19.5,24.66,15.64,9.02,73.69,75.2,6.8004,1.04
2020-12-17,4.417,19.72,24.43,16.3,8.13,75.91,82.69,6.7373,4.38
2020-12-18,4.8742,19.86,25.62,15.62,10.0,75.78,80.11,6.7685,5.09
2020-12-19,4.5523,19.69,24.72,16.15,8.57,71.1,74.81,6.8203,0.17
2020-12-20,4.9457,19.47,24.73,15.76,8.97,67.23,74.74,6.881,0.07
2020-12-21,5.4406,20.37,26.6,14.44,12.16,64.61,68.76,6.8921,0.1
2020-12-22,4.8602,19.68,24.41,16.29,8.12,70.46,83.65,6.7718,2.28
2020-12-23,5.1667,19.46,24.23,16.58,7.65,76.62,82.31,6.7339,3.29
2020-12-24,4.5504,20.21,25.4,15.15,10.25,72.06,75.19,6.7934,0.41
2020-12-25,4.643,18.73,23.21,15.83,7.38,80.26,86.45,6.7726,5.51
2020-12-26,4.638,17.5,20.97,14.43,6.54,86.24,92.59,6.9991,24.68
2020-12-27,3.9749,17.03,21.26,14.22,7.04,86.76,94.51,6.8165,16.33
2020-12-28,5.6062,17.63,21.57,14.16,7.41,84.08,65.08,6.8172,4.69
2020-12-29,5.1826,18.62,23.68,15.0,8.68,77.99,74.18,6.8825,0.98
2020-12-30,5.0052,18.07,22.42,14.5,7.92,86.25,74.45,6.78,17.51
2020-12-31,4.0558,18.03,21.93,15.7,6.23,88.95,90.96,6.6614,19.17
2021-01-01,4.0834,19.17,24.74,14.85,9.89,79.44,84.42,6.7198,4.03
2021-01-02,4.2845,19.64,24.25,16.21,8.04,77.8,83.89,6.7378,3.9
2021-01-03,4.3034,18.16,21.31,15.95,5.36,84.79,81.1,6.9024,11.61
2021-01-04,5.993,18.37,22.87,14.86,8.01,81.29,46.28,6.9552,12.97
2021-01-05,5.6376,17.87,22.67,14.65,8.02,78.17,66.34,7.0162,2.28
2021-01-06,5.2834,17.92,23.11,13.63,9.48,77.14,75.55,6.9374,1.89
2021-01-07,4.8053,18.81,23.03,15.42,7.61,75.35,80.25,6.8215,3.63
2021-01-08,3.8887,17.88,21.69,14.81,6.88,80.5,94.76,6.7169,0.94
2021-01-09,3.9948,17.77,23.1,13.81,9.29,77.95,89.4,6.6353,6.59
2021-01-10,4.0838,18.11,23.73,12.39,11.34,77.51,91.0,6.804,7.48
2021-01-11,3.8054,18.59,24.42,13.25,11.17,76.74,89.65,6.9574,3.22
2021-01-12,5.8428,18.97,24.95,14.86,10.09,69.89,56.8,7.0438,0.66
2021-01-13,5.6249,18.12,24.91,12.77,12.14,67.64,62.41,6.8568,0.51
2021-01-14,5.9395,19.5,26.34,13.55,12.79,66.3,52.61,7.0637,0.0
2021-01-15,5.7809,19.86,25.85,14.99,10.86,70.24,57.11,7.099,0.0
2021-01-16,6.0936,19.42,25.07,14.73,10.34,72.81,47.18,7.1218,0.0
2021-01-17,5.5003,18.93,25.0,14.34,10.66,72.37,50.87,7.0502,0.0
2021-01-18,5.8697,18.3,24.45,13.57,10.88,68.81,54.77,7.0822,0.0
2021-01-19,5.7881,18.66,26.45,11.74,14.71,63.4,52.02,7.183,0.0
2021-01-20,5.6076,18.74,26.4,12.21,14.19,62.49,82.26,7.1918,0.03
2021-01-21,4.8017,18.89,25.96,13.21,12.75,67.17,66.85,6.9854,8.45
2021-01-22,4.4208,19.13,25.14,13.94,11.2,76.23,73.26,6.9043,11.21
2021-01-23,3.7579,19.2,25.1,14.57,10.53,79.84,85.84,6.8129,8.73
2021-01-24,3.9744,19.55,25.93,14.37,11.56,74.68,81.16,6.8921,2.92
2021-01-25,3.9818,19.46,25.61,14.0,11.61,71.99,80.8,7.0702,2.51
2021-01-26,4.6922,19.24,24.88,13.53,11.35,72.86,87.05,6.9826,1.9
2021-01-27,5.5558,19.76,25.45,14.59,10.86,73.74,65.16,7.2641,6.33
2021-01-28,5.3227,19.52,26.04,14.81,11.23,72.23,77.8,7.2581,3.15
2021-01-29,6.2813,18.46,26.12,13.62,12.5,71.4,50.3,7.1573,0.0
2021-01-30,6.5362,18.11,25.82,10.89,14.93,66.3,38.06,7.4352,0.09
2021-01-31,6.5357,19.87,27.08,13.46,13.62,67.9,40.07,7.3438,0.11
2021-02-01,4.3445,20.34,26.2,14.94,11.26,72.59,89.58,7.0884,6.66
2021-02-02,4.6562,19.84,25.33,15.57,9.76,71.95,76.36,7.103,2.2
2021-02-03,5.3964,20.24,27.27,14.77,12.5,64.62,63.15,7.3284,0.26
2021-02-04,5.2277,20.64,26.93,15.14,11.79,68.06,66.45,7.0961,2.4
2021-02-05,4.4004,20.9,26.59,16.32,10.27,72.76,92.21,7.1563,3.36
2021-02-06,4.8127,18.45,21.33,15.45,5.88,80.98,89.16,7.0121,22.83
2021-02-07,5.5586,20.62,26.88,15.36,11.52,73.3,67.81,7.1659,0.48
2021-02-08,4.9349,19.94,25.88,15.7,10.18,74.29,94.2,7.2646,1.54
2021-02-09,4.1333,19.86,25.19,15.3,9.89,75.55,96.26,7.0493,1.65
2021-02-10,5.1943,19.0,22.78,16.16,6.62,79.87,86.75,7.2806,2.67
2021-02-11,5.9006,19.06,23.98,15.67,8.31,76.81,71.3,7.242,2.4
2021-02-12,4.1174,19.88,25.59,15.74,9.85,72.39,89.66,7.3997,0.46
2021-02-13,3.9854,20.02,26.15,15.03,11.12,70.06,90.65,7.1042,0.06
2021-02-14,4.6219,19.51,24.06,16.16,7.9,78.2,96.21,6.8918,0.03
2021-02-15,4.015,19.48,24.85,15.84,9.01,75.01,97.38,7.1578,20.33
2021-02-16,5.6141,18.53,25.25,15.12,10.13,72.18,89.03,7.2775,3.64
2021-02-17,5.3599,19.12,24.78,14.77,10.01,74.48,92.39,7.1815,0.01
2021-02-18,4.217,18.47,22.83,15.13,7.7,80.05,98.76,7.2701,0.16
2021-02-19,3.8782,17.8,22.04,15.4,6.64,79.63,98.78,7.2024,1.62
2021-02-20,4.3418,18.51,23.63,14.18,9.45,76.42,97.8,7.2487,1.87
2021-02-21,4.2953,18.55,23.51,14.75,8.76,76.65,96.29,7.3234,0.0
2021-02-22,3.0058,19.33,24.83,15.15,9.68,76.1,98.65,7.1465,0.13
2021-02-23,4.2468,20.0,25.5,15.16,10.34,70.59,89.97,7.2862,0.07
2021-02-24,3.672,20.46,25.33,15.84,9.49,72.45,90.38,7.1873,6.08
2021-02-25,3.8023,20.49,26.13,15.37,10.76,74.46,84.41,7.3483,2.6
2021-02-26,5.4655,20.83,27.03,16.27,10.76,71.99,64.44,7.392,0.83
2021-02-27,4.5043,19.7,25.57,15.32,10.25,76.92,95.14,7.3524,9.98
2021-02-28,4.4486,19.81,25.54,16.34,9.2,76.15,91.0,7.5742,4.06
2021-03-01,4.0334,18.15,21.61,16.24,5.37,85.54,96.53,7.3301,4.36
2021-03-02,3.4423,18.31,22.84,15.63,7.21,80.46,99.0,7.4434,9.49
2021-03-03,3.319,18.0,22.31,14.49,7.82,76.06,96.31,7.5694,1.84
2021-03-04,3.0089,17.53,22.1,14.44,7.66,78.58,96.68,7.3421,0.36
2021-03-05,3.1649,18.66,23.68,15.0,8.68,78.89,94.37,7.1208,0.0
2021-03-06,4.5998,19.91,25.3,15.18,10.12,72.78,84.39,6.9859,0.0
2021-03-07,3.4099,19.51,25.38,15.57,9.81,77.1,99.75,7.247,22.48
2021-03-08,3.415,19.41,25.75,15.35,10.4,73.87,95.65,7.2576,9.31
2021-03-09,5.9102,19.74,25.93,14.33,11.6,73.79,76.58,7.5689,0.25
2021-03-10,3.5544,17.85,20.24,16.07,4.17,87.62,97.76,7.5451,0.07
2021-03-11,3.2138,17.38,20.6,15.24,5.36,85.27,98.44,7.6548,0.02
2021-03-12,3.2921,17.71,21.79,14.54,7.25,83.26,97.07,7.3296,0.88
2021-03-13,4.0318,18.39,22.7,14.89,7.81,78.71,97.3,7.2958,4.47
2021-03-14,4.6577,17.82,21.72,14.93,6.79,83.64,85.53,7.3092,2.09
2021-03-15,3.8962,17.78,21.7,15.24,6.46,83.06,97.13,7.1902,0.95
2021-03-16,4.7983,18.26,22.44,15.34,7.1,81.57,93.87,7.693,0.2
2021-03-17,4.1153,18.72,24.14,15.14,9.0,80.95,97.82,7.5216,2.12
2021-03-18,3.3665,18.96,24.57,14.69,9.88,79.23,98.99,7.3246,0.33
2021-03-19,5.599,19.16,24.77,14.44,10.33,77.63,77.11,7.626,1.02
2021-03-20,5.4571,18.21,22.25,15.13,7.12,83.62,90.08,7.4364,2.78
2021-03-21,4.2996,19.21,24.74,15.48,9.26,75.5,88.38,7.3565,15.18
2021-03-22,3.0502,18.88,23.95,15.37,8.58,79.23,99.61,7.231,10.21
2021-03-23,4.4767,18.3,22.31,15.15,7.16,79.93,80.93,7.1434,0.0
2021-03-24,3.4397,17.99,21.63,15.46,6.17,84.61,95.29,7.1508,2.63
2021-03-25,5.0657,18.96,24.52,15.3,9.22,79.54,77.26,7.2588,0.87
2021-03-26,4.0423,19.24,24.18,15.07,9.11,77.76,96.12,7.3692,2.59
2021-03-27,3.6766,18.02,21.48,15.36,6.12,83.93,98.48,7.4455,1.11
2021-03-28,5.131,19.79,25.34,15.01,10.33,74.56,86.09,7.5142,14.71
2021-03-29,4.6788,20.03,25.27,15.96,9.31,73.13,78.49,7.5197,12.99
2021-03-30,4.6342,19.86,25.36,15.49,9.87,75.61,85.95,7.5658,2.03
2021-03-31,5.3962,19.8,24.68,16.19,8.49,78.73,93.18,7.5305,6.78
2021-04-01,4.9087,20.21,26.46,15.07,11.39,77.3,98.49,7.6001,2.4
2021-04-02,4.0913,19.58,23.73,15.72,8.01,77.25,97.48,7.435,8.64
2021-04-03,3.9377,19.15,23.21,16.02,7.19,79.61,94.37,7.1993,3.1
2021-04-04,4.0056,19.79,25.93,15.44,10.49,76.95,91.88,7.1213,0.18
2021-04-05,5.1302,19.67,24.69,16.03,8.66,76.73,88.98,7.4158,0.0
2021-04-06,3.629,18.32,21.61,15.14,6.47,80.49,90.2,7.4494,10.36
2021-04-07,4.0982,18.35,24.63,13.12,11.51,76.91,93.67,7.339,0.13
2021-04-08,4.8442,19.21,24.89,12.93,11.96,74.94,88.11,7.1952,0.01
2021-04-09,3.1903,18.82,22.07,16.21,5.86,79.92,98.93,7.0452,2.75
2021-04-10,5.1787,19.4,24.0,15.48,8.52,78.35,79.87,7.3975,0.32
2021-04-11,5.5906,19.43,25.03,15.17,9.86,75.8,80.3,7.4767,0.42
2021-04-12,2.1326,19.17,24.03,15.24,8.79,79.38,93.19,7.3687,40.87
2021-04-13,5.8843,19.06,25.35,13.26,12.09,77.98,92.2,7.5574,1.35
2021-04-14,4.5386,19.27,24.68,15.31,9.37,80.12,98.95,7.2979,0.21
2021-04-15,4.4268,19.07,24.23,14.21,10.02,79.09,94.99,7.1803,7.95
2021-04-16,5.5788,19.39,24.29,14.89,9.4,78.72,79.21,7.4273,4.04
2021-04-17,4.7407,19.53,24.58,15.79,8.79,79.83,92.51,7.5226,15.21
2021-04-18,4.3901,19.09,24.31,15.25,9.06,83.37,98.37,7.1652,22.56
2021-04-19,5.5162,19.22,24.17,15.87,8.3,76.05,78.17,7.1256,24.76
2021-04-20,6.5978,19.38,25.2,14.27,10.93,75.1,61.5,7.5331,4.21
2021-04-21,5.3004,19.55,24.87,15.3,9.57,75.71,84.09,7.3082,5.7
2021-04-22,6.2808,20.33,25.31,15.91,9.4,73.75,54.11,7.4628,2.18
2021-04-23,4.6906,19.52,24.81,16.24,8.57,78.66,83.01,7.272,0.11
2021-04-24,5.3354,20.04,24.92,16.3,8.62,80.31,80.34,7.3056,0.72
2021-04-25,4.6908,19.49,23.97,15.28,8.69,80.87,90.79,7.2377,2.8
2021-04-26,4.1354,20.28,25.78,15.84,9.94,76.23,95.84,7.2622,4.72
2021-04-27,2.982,18.77,21.91,16.51,5.4,85.21,99.72,7.2178,3.47
2021-04-28,5.4581,17.97,20.87,15.86,5.01,87.78,79.31,7.385,1.13
2021-04-29,4.4916,17.96,21.42,15.78,5.64,88.49,95.36,7.3294,3.81
2021-04-30,2.5056,16.99,19.97,14.64,5.33,88.59,98.93,7.1851,2.61
2021-05-01,5.6467,17.85,22.77,13.4,9.37,82.67,66.93,7.4354,0.28
2021-05-02,4.7446,17.1,19.22,15.61,3.61,87.48,92.51,7.3961,0.92
2021-05-03,4.8386,17.98,22.35,14.4,7.95,82.14,93.44,7.6994,0.04
2021-05-04,5.3542,18.37,22.98,15.29,7.69,83.69,81.65,7.3236,0.94
2021-05-05,4.3978,18.17,21.88,15.08,6.8,83.61,95.53,7.1988,0.18
2021-05-06,4.6109,18.32,21.59,15.21,6.38,81.69,91.26,7.2094,0.46
2021-05-07,5.37,18.12,21.41,15.89,5.52,82.44,81.87,7.2542,0.34
2021-05-08,4.4808,18.17,23.03,14.26,8.77,82.54,95.64,7.2091,0.94
2021-05-09,5.0395,19.01,24.57,15.1,9.47,79.62,84.42,7.1551,0.26
2021-05-10,3.8542,19.21,24.27,15.58,8.69,76.98,97.23,7.2449,0.06
2021-05-11,5.1924,18.81,23.64,14.52,9.12,74.72,77.56,7.1767,0.0
2021-05-12,5.3947,19.38,25.22,13.36,11.86,71.86,88.16,7.1566,0.0
2021-05-13,4.8487,19.7,25.42,14.83,10.59,74.06,92.46,7.1556,0.0
2021-05-14,4.7897,19.68,24.96,14.39,10.57,75.3,92.89,7.0495,1.18
2021-05-15,4.6195,20.22,25.59,16.16,9.43,78.64,93.92,7.1724,2.15
2021-05-16,5.0563,19.97,24.85,16.28,8.57,78.65,84.14,7.135,0.15
2021-05-17,3.9782,18.69,23.6,15.08,8.52,82.94,98.35,7.3164,7.93
2021-05-18,5.1444,18.39,23.73,13.27,10.46,80.05,81.15,7.1609,0.64
2021-05-19,6.3811,19.6,25.67,13.22,12.45,72.86,54.52,7.5065,0.0
2021-05-20,5.729,20.52,25.74,15.67,10.07,72.2,57.41,7.2869,0.0
2021-05-21,5.6227,20.73,25.78,16.3,9.48,72.17,84.58,7.2612,0.0
2021-05-22,4.291,20.56,25.6,17.18,8.42,73.01,97.71,7.1791,0.0
2021-05-23,4.1623,20.35,26.23,15.76,10.47,73.27,97.83,6.9977,6.26
2021-05-24,4.2718,20.05,25.86,14.72,11.14,74.8,94.54,6.9746,13.88
2021-05-25,4.5902,19.7,24.98,16.14,8.84,79.65,80.31,6.9547,2.78
2021-05-26,5.0798,19.1,24.75,14.86,9.89,74.31,91.96,7.1974,1.65
2021-05-27,3.7082,19.53,24.83,14.81,10.02,76.03,94.79,7.0661,0.12
2021-05-28,4.716,19.32,24.3,15.02,9.28,79.27,92.0,6.954,0.0
2021-05-29,3.9785,18.61,21.87,16.37,5.5,85.94,91.56,6.967,2.8
2021-05-30,4.3814,19.55,24.64,15.72,8.92,80.82,89.92,6.9727,4.29
2021-05-31,4.555,19.1,23.14,16.15,6.99,79.87,89.38,6.9799,5.6
2021-06-01,5.3962,19.11,25.06,13.4,11.66,73.33,81.31,7.0066,0.05
2021-06-02,5.8831,19.71,25.12,15.43,9.69,74.06,69.58,7.1647,0.0
2021-06-03,5.2147,19.71,24.98,15.61,9.37,79.92,90.18,7.0186,2.71
2021-06-04,4.4486,19.11,23.25,16.03,7.22,79.97,93.31,7.2079,1.09
2021-06-05,5.4214,19.02,23.8,14.1,9.7,76.08,81.48,6.8969,0.61
2021-06-06,3.7138,18.89,23.74,15.51,8.23,80.24,92.88,6.7781,9.44
2021-06-07,4.4026,19.02,24.32,14.47,9.85,76.15,91.75,6.9406,3.53
2021-06-08,2.8927,18.6,23.21,15.04,8.17,77.94,98.94,7.0855,1.46
2021-06-09,4.1414,18.31,22.31,15.03,7.28,80.45,96.89,7.0282,0.15
2021-06-10,3.1531,17.65,20.38,15.25,5.13,80.46,97.89,6.8326,0.0
2021-06-11,5.2318,19.22,25.07,14.09,10.98,76.48,71.69,6.8717,0.76
2021-06-12,4.723,18.8,23.11,16.17,6.94,81.04,86.35,6.7793,26.07
2021-06-13,4.1998,18.65,23.74,14.88,8.86,82.15,96.65,6.6478,16.24
2021-06-14,3.9905,18.39,22.56,15.06,7.5,83.64,98.16,6.7687,5.16
2021-06-15,4.5835,18.83,22.93,15.55,7.38,84.0,87.33,6.8849,24.02
2021-06-16,5.1938,17.65,21.22,14.32,6.9,85.47,72.09,6.9161,22.04
2021-06-17,5.2553,17.14,23.11,12.38,10.73,80.3,72.48,6.7202,6.97
2021-06-18,4.853,17.13,23.07,10.87,12.2,78.18,77.62,6.6686,11.6
2021-06-19,4.541,18.19,23.72,13.37,10.35,78.83,80.87,6.8374,15.66
2021-06-20,3.3701,17.77,23.15,13.42,9.73,77.14,98.0,6.9067,5.03
2021-06-21,5.8548,17.28,22.97,11.98,10.99,78.63,62.89,7.0807,6.2
2021-06-22,4.5494,17.36,22.99,11.84,11.15,81.0,80.12,6.8868,0.07
2021-06-23,4.8893,17.46,22.32,13.39,8.93,84.39,83.3,6.9593,23.14
2021-06-24,5.3664,17.9,23.08,13.11,9.97,77.12,73.23,6.9732,2.25
2021-06-25,4.1995,17.98,23.39,12.37,11.02,77.0,82.49,7.015,1.43
2021-06-26,4.5946,18.07,23.52,12.75,10.77,80.26,91.51,7.003,0.23
2021-06-27,4.5185,18.75,23.79,13.5,10.29,77.95,74.6,6.972,2.62
2021-06-28,5.0201,19.02,24.52,14.6,9.92,76.46,71.26,7.0262,1.69
2021-06-29,5.665,18.58,23.81,14.89,8.92,76.83,72.86,7.0884,0.72
2021-06-30,4.2415,17.37,22.72,12.96,9.76,78.35,96.3,6.8676,5.95
2021-07-01,4.6459,16.91,21.62,13.28,8.34,82.14,89.75,7.0207,1.01
2021-07-02,5.5097,17.53,23.04,12.05,10.99,78.23,61.27,6.9883,0.0
2021-07-03,5.5514,17.24,23.02,12.64,10.38,78.4,62.01,6.9334,1.34
2021-07-04,4.6382,16.66,22.36,11.99,10.37,75.71,79.67,7.0802,0.05
2021-07-05,4.6289,17.21,23.12,11.48,11.64,75.14,65.24,6.9482,0.07
2021-07-06,5.1394,18.2,24.24,12.2,12.04,74.54,70.75,7.1287,0.84
2021-07-07,5.1936,19.06,24.82,13.43,11.39,73.67,55.96,6.9982,0.06
2021-07-08,5.0563,19.59,24.87,15.07,9.8,73.24,80.89,7.001,2.05
2021-07-09,4.6586,19.2,24.1,14.76,9.34,76.3,96.16,6.9002,3.34
2021-07-10,4.9637,18.4,23.44,14.07,9.37,76.93,88.01,6.779,1.34
2021-07-11,4.3783,18.66,24.68,13.11,11.57,74.16,83.79,6.7877,0.17
2021-07-12,4.6205,18.66,23.68,14.35,9.33,75.7,81.25,6.9276,0.23
2021-07-13,3.7118,18.47,23.91,14.05,9.86,76.13,92.22,7.0018,2.42
2021-07-14,3.9571,18.51,24.86,12.06,12.8,71.85,94.04,6.8957,0.17
2021-07-15,5.8286,19.17,25.21,12.93,12.28,70.93,58.5,6.7565,0.03
2021-07-16,4.9558,19.22,24.9,14.51,10.39,72.44,83.98,7.0942,4.33
2021-07-17,4.6404,19.44,25.27,14.19,11.08,73.15,88.38,7.1518,2.09
2021-07-18,3.229,19.6,25.31,15.99,9.32,73.59,97.37,6.7903,12.5
2021-07-19,4.7059,18.55,23.61,14.94,8.67,75.7,81.92,7.1983,16.05
2021-07-20,5.0033,18.14,24.56,12.56,12.0,75.69,69.92,7.141,2.58
2021-07-21,4.073,18.77,24.54,13.86,10.68,76.45,94.19,6.8664,1.06
2021-07-22,4.3915,18.57,24.25,14.16,10.09,74.49,91.0,7.0697,0.12
2021-07-23,4.8019,18.81,24.77,13.78,10.99,74.6,97.37,6.9504,0.02
2021-07-24,3.912,18.38,22.51,14.69,7.82,79.66,99.27,6.7121,0.92
2021-07-25,3.126,18.54,23.47,14.33,9.14,78.62,96.18,6.8705,1.14
2021-07-26,4.5262,19.47,25.13,13.66,11.47,72.45,86.18,6.8844,0.22
2021-07-27,4.5317,19.43,23.83,15.12,8.71,72.91,90.83,7.0459,0.21
2021-07-28,4.1129,19.36,25.32,14.7,10.62,73.93,92.15,6.8645,2.81
2021-07-29,4.7261,19.05,25.1,13.51,11.59,73.61,83.08,6.9679,0.37
2021-07-30,4.6332,19.3,25.1,14.67,10.43,72.82,91.42,7.2163,0.01
2021-07-31,6.3564,19.48,24.93,14.79,10.14,72.23,55.37,7.1652,0.06
2021-08-01,4.4638,19.34,25.8,14.32,11.48,72.04,81.08,7.0589,0.0
2021-08-02,4.795,17.88,23.39,13.98,9.41,76.37,86.54,7.2252,10.16
2021-08-03,4.103,17.4,23.57,12.55,11.02,75.26,98.81,7.0452,2.66
2021-08-04,4.8029,17.83,23.86,12.55,11.31,71.71,89.8,6.9278,0.0
2021-08-05,4.4239,18.1,24.26,12.98,11.28,73.87,78.28,7.1287,1.9
2021-08-06,4.8732,18.25,24.11,12.24,11.87,74.81,66.84,7.1467,0.16
2021-08-07,5.046,19.81,25.74,13.83,11.91,70.25,89.44,7.0853,0.0
2021-08-08,4.6452,18.54,22.85,15.51,7.34,80.55,91.79,7.1808,0.0
2021-08-09,4.9058,19.69,25.78,14.27,11.51,73.72,87.42,7.1078,0.0
2021-08-10,5.1499,19.55,25.6,15.21,10.39,73.18,88.86,7.2288,9.28
2021-08-11,5.2354,19.06,25.88,13.04,12.84,72.51,90.48,7.3171,2.12
2021-08-12,4.6354,19.07,24.7,14.23,10.47,74.71,81.63,7.3392,10.57
2021-08-13,4.6344,18.87,24.62,13.78,10.84,75.65,93.38,7.2499,1.08
2021-08-14,4.0663,18.71,24.7,13.73,10.97,75.71,95.22,6.9972,4.79
2021-08-15,5.2375,18.44,22.75,13.95,8.8,78.2,85.11,7.2473,4.07
2021-08-16,4.1426,19.12,24.88,13.32,11.56,75.74,87.0,7.2079,5.47
2021-08-17,4.2022,19.63,24.83,15.25,9.58,73.89,92.61,7.212,1.58
2021-08-18,3.9202,19.56,24.65,14.31,10.34,75.6,89.48,7.1297,6.26
2021-08-19,4.2564,19.42,24.53,15.32,9.21,76.06,98.0,7.2204,0.7
2021-08-20,4.5259,19.34,24.4,15.31,9.09,74.74,85.16,7.2878,0.06
2021-08-21,4.8562,19.41,24.16,15.32,8.84,73.44,77.9,7.397,0.39
2021-08-22,4.8881,19.95,26.13,13.14,12.99,70.36,86.37,7.265,0.13
2021-08-23,5.418,20.03,25.73,15.46,10.27,73.67,90.2,7.4129,0.13
2021-08-24,4.4299,19.66,25.03,15.32,9.71,74.85,94.01,7.153,5.76
2021-08-25,4.4462,20.66,26.63,15.76,10.87,73.86,97.94,7.063,1.77
2021-08-26,4.7954,20.23,26.62,15.99,10.63,68.85,98.39,7.1371,1.2
2021-08-27,4.9399,19.41,25.7,14.11,11.59,70.12,93.04,7.3798,0.21
2021-08-28,5.3506,19.83,26.83,13.78,13.05,64.71,76.25,7.3217,0.03
2021-08-29,4.0987,19.15,24.36,15.17,9.19,71.73,95.12,7.0606,0.37
2021-08-30,4.565,18.89,24.93,13.38,11.55,70.01,90.56,7.3289,0.14
2021-08-31,4.4863,19.84,25.57,14.73,10.84,67.36,92.93,7.0831,0.12
2021-09-01,4.0097,19.55,24.84,15.5,9.34,73.52,85.4,7.3195,5.16
2021-09-02,6.0614,19.83,26.03,13.98,12.05,68.29,50.16,7.4827,0.09
2021-09-03,4.4518,19.59,24.84,15.2,9.64,72.67,85.97,7.3476,15.19
2021-09-04,5.3069,19.84,26.38,13.84,12.54,72.54,92.43,7.447,0.03
2021-09-05,5.3234,19.24,23.61,15.77,7.84,77.66,83.74,7.4208,18.43
2021-09-06,3.0634,18.15,22.03,15.76,6.27,81.35,99.03,7.3342,5.02
2021-09-07,4.9289,19.21,24.34,14.69,9.65,73.1,86.07,7.3066,0.43
2021-09-08,4.4861,19.99,25.52,14.04,11.48,70.87,87.67,7.4914,0.42
2021-09-09,5.2003,20.56,26.85,15.57,11.28,66.96,71.04,7.5204,0.06
2021-09-10,4.6838,19.33,25.83,13.35,12.48,68.14,90.38,7.4088,0.08
2021-09-11,4.8173,19.01,25.15,13.86,11.29,72.13,87.92,7.482,13.54
2021-09-12,3.343,18.73,24.85,14.56,10.29,72.36,84.17,7.357,9.37
2021-09-13,6.3677,19.39,25.86,13.58,12.28,66.24,56.39,7.5953,0.14
2021-09-14,5.0575,20.09,25.73,14.99,10.74,68.88,65.86,7.5883,0.2
2021-09-15,5.0134,19.4,25.96,13.3,12.66,72.45,68.66,7.5377,2.3
2021-09-16,4.8002,18.73,25.58,11.98,13.6,69.79,74.94,7.5787,0.3
2021-09-17,6.7692,19.21,26.17,14.17,12.0,68.0,49.17,7.548,1.35
2021-09-18,6.3578,18.39,25.44,12.64,12.8,68.17,42.83,7.6025,0.44
2021-09-19,5.0926,19.06,26.22,12.38,13.84,67.3,79.75,7.4846,0.02
2021-09-20,4.8238,19.66,25.03,15.79,9.24,73.04,81.33,7.4275,0.73
2021-09-21,3.9132,19.55,25.4,13.78,11.62,73.55,99.16,7.3286,18.58
2021-09-22,4.7597,18.72,24.71,14.52,10.19,78.95,86.28,7.3896,20.39
2021-09-23,4.775,18.66,25.01,13.36,11.65,74.45,91.26,7.4143,1.68
2021-09-24,4.8245,18.22,24.49,12.91,11.58,74.93,85.26,7.4011,10.9
2021-09-25,5.2277,17.75,23.53,13.47,10.06,77.95,78.58,7.4808,14.59
2021-09-26,6.9029,18.68,26.11,12.41,13.7,70.93,54.14,7.6303,0.43
2021-09-27,6.281,19.03,25.76,12.21,13.55,71.13,51.28,7.5662,0.0
2021-09-28,4.3865,19.11,25.16,14.47,10.69,72.68,99.55,7.4052,3.77
2021-09-29,4.6358,19.16,25.11,13.48,11.63,72.51,95.98,7.5511,0.28
2021-09-30,4.056,18.45,23.37,15.18,8.19,77.66,95.02,7.4597,1.08
2021-10-01,5.0323,19.75,25.85,13.49,12.36,70.02,75.65,7.3726,0.19
2021-10-02,5.7235,20.45,26.59,15.06,11.53,70.72,72.19,7.4431,0.08
2021-10-03,6.3379,20.99,27.41,16.16,11.25,71.93,60.13,7.3637,1.26
2021-10-04,5.9095,20.85,27.57,15.25,12.32,73.99,83.31,7.2485,1.2
2021-10-05,4.0061,19.77,23.84,16.59,7.25,80.67,98.48,7.1484,8.3
2021-10-06,3.57,20.58,27.16,15.65,11.51,73.21,98.43,7.1988,2.25
2021-10-07,5.2562,20.48,27.31,14.63,12.68,70.61,86.43,7.2098,0.03
2021-10-08,4.955,20.03,25.57,15.48,10.09,70.28,88.14,7.3716,0.0
2021-10-09,5.1737,20.03,25.58,15.84,9.74,75.89,88.45,7.375,7.86
2021-10-10,4.8506,19.31,24.17,15.65,8.52,79.54,94.2,7.5206,10.61
2021-10-11,3.1164,19.12,23.03,16.25,6.78,82.53,98.87,7.344,0.35
2021-10-12,4.7587,20.17,25.96,15.31,10.65,72.07,82.42,7.1851,0.32
2021-10-13,5.3158,20.53,26.51,15.15,11.36,71.55,70.98,7.3255,0.01
2021-10-14,5.2519,19.6,23.86,16.43,7.43,79.8,72.33,7.2866,0.1
2021-10-15,5.7211,20.66,27.43,14.93,12.5,73.22,84.88,7.3591,2.71
2021-10-16,4.1227,18.94,23.06,15.92,7.14,81.84,99.71,7.1477,2.69
2021-10-17,3.6701,18.93,24.26,15.02,9.24,78.67,85.65,7.3469,2.25
2021-10-18,5.0998,19.57,24.57,14.49,10.08,71.2,58.35,7.1882,0.02
2021-10-19,4.6915,19.9,26.16,14.71,11.45,70.74,73.18,7.2211,1.25
2021-10-20,5.0328,20.32,26.76,14.69,12.07,70.86,93.63,7.1952,1.01
2021-10-21,5.0074,19.16,23.29,16.39,6.9,79.46,85.46,7.1436,1.32
2021-10-22,5.2471,19.95,26.28,15.17,11.11,75.98,83.97,7.283,3.0
2021-10-23,5.1084,20.27,25.95,16.22,9.73,75.92,81.66,7.3145,2.56
2021-10-24,5.8306,19.75,24.39,15.69,8.7,78.6,78.04,7.2125,12.21
2021-10-25,5.0561,19.18,23.56,16.16,7.4,84.26,71.81,7.1386,10.18
2021-10-26,5.0798,19.1,23.13,16.5,6.63,83.67,95.55,7.1782,10.54
2021-10-27,3.0768,18.64,23.02,14.13,8.89,79.72,99.79,6.7922,4.52
2021-10-28,5.7101,18.87,23.53,15.35,8.18,83.53,71.26,7.1124,6.23
2021-10-29,4.873,17.69,20.9,15.45,5.45,86.03,94.38,7.0886,0.89
2021-10-30,5.0866,18.1,22.99,14.32,8.67,82.7,79.12,7.1261,1.16
2021-10-31,4.3486,17.62,21.33,14.64,6.69,84.91,90.19,7.3848,1.34
2021-11-01,5.021,18.87,24.52,14.7,9.82,79.97,71.79,7.2936,0.53
2021-11-02,5.4602,18.78,23.57,14.96,8.61,78.2,73.87,7.1623,0.39
2021-11-03,5.1161,18.93,24.06,15.3,8.76,78.57,72.53,7.1995,0.29
2021-11-04,4.5487,18.27,21.9,15.52,6.38,83.72,89.25,7.2814,8.64
2021-11-05,5.2354,19.99,25.77,15.52,10.25,77.12,60.89,7.1136,7.25
2021-11-06,5.6062,20.48,26.3,14.81,11.49,70.11,42.05,7.1076,0.25
2021-11-07,5.465,20.48,25.91,15.42,10.49,65.82,67.78,6.9929,0.12
2021-11-08,3.3588,19.63,23.75,16.44,7.31,79.45,95.93,6.8628,7.59
2021-11-09,4.8014,19.27,23.5,15.86,7.64,79.06,90.15,7.0282,2.56
2021-11-10,4.6342,19.18,24.92,14.43,10.49,78.1,84.76,6.9089,1.24
2021-11-11,5.689,19.44,24.39,15.8,8.59,77.32,64.42,7.2598,2.02
2021-11-12,5.808,19.53,24.95,15.69,9.26,72.58,65.16,7.1834,0.26
2021-11-13,4.3303,19.49,24.98,15.07,9.91,70.21,92.58,6.9535,0.0
2021-11-14,5.1727,19.82,24.9,15.29,9.61,75.31,66.31,6.9914,0.05
2021-11-15,5.1706,20.09,25.56,16.35,9.21,77.93,59.18,6.9602,3.3
2021-11-16,5.2042,19.28,22.77,16.33,6.44,81.66,56.39,7.0241,1.99
2021-11-17,5.7694,19.48,24.06,15.84,8.22,77.29,69.88,7.074,1.49
2021-11-18,6.5038,18.99,23.85,15.1,8.75,78.53,30.76,7.187,2.6
2021-11-19,6.0161,19.02,23.63,15.23,8.4,77.28,50.71,7.1599,1.32
2021-11-20,5.1134,19.28,23.51,15.27,8.24,75.22,73.64,7.0714,0.07
2021-11-21,4.5797,19.12,23.57,16.22,7.35,78.45,87.53,6.871,14.09
2021-11-22,3.9082,19.17,24.48,14.8,9.68,80.09,94.09,6.8364,8.72
2021-11-23,3.9264,18.08,21.77,15.73,6.04,88.09,96.66,6.7346,8.78
2021-11-24,3.744,18.48,22.6,15.44,7.16,85.74,94.18,6.6751,3.86
2021-11-25,3.9713,17.95,21.37,15.59,5.78,85.69,95.19,6.7627,1.03
2021-11-26,4.0296,19.06,25.19,13.88,11.31,77.25,95.08,6.6972,0.05
2021-11-27,5.7566,19.46,25.24,14.97,10.27,75.64,60.41,7.0548,0.02
2021-11-28,5.273,19.8,25.21,14.98,10.23,73.91,61.36,6.8292,0.01
2021-11-29,4.835,19.26,23.63,15.75,7.88,79.84,84.89,6.6701,1.76
2021-11-30,3.911,19.11,24.14,15.44,8.7,78.98,83.14,6.8038,6.2
2021-12-01,5.6112,19.46,25.08,15.01,10.07,75.9,54.94,6.7584,1.01
2021-12-02,5.1804,19.62,25.88,14.63,11.25,75.54,52.32,6.8554,8.05
2021-12-03,4.1035,19.62,25.69,14.6,11.09,73.07,93.19,6.7337,1.51
2021-12-04,4.6685,20.31,26.02,15.77,10.25,71.96,71.62,6.7241,0.5
2021-12-05,4.092,20.75,26.71,15.8,10.91,71.54,81.58,6.703,0.84
2021-12-06,5.0842,20.8,26.52,15.81,10.71,71.28,53.62,6.7452,1.23
2021-12-07,5.1343,20.98,27.01,16.48,10.53,69.69,44.96,6.7258,0.85
2021-12-08,5.1576,20.96,26.87,16.05,10.82,70.32,62.86,6.6502,0.58
2021-12-09,4.0157,19.86,24.56,16.91,7.65,77.72,83.36,6.6545,1.05
2021-12-10,3.9864,19.5,23.84,16.75,7.09,79.89,94.83,6.6857,8.78
2021-12-11,3.2542,19.22,23.64,16.36,7.28,80.45,96.75,6.835,1.53
2021-12-12,4.2437,19.01,23.57,16.13,7.44,81.73,86.35,6.8208,2.12
2021-12-13,5.2838,18.93,24.01,14.67,9.34,79.68,65.0,7.0411,0.73
2021-12-14,5.431,19.81,25.5,14.93,10.57,73.64,58.7,6.7709,0.0
2021-12-15,4.1604,19.66,23.67,15.57,8.1,76.14,73.3,6.5021,0.0
2021-12-16,4.4753,20.13,25.29,16.22,9.07,75.58,88.07,6.6295,0.0
2021-12-17,4.3999,19.58,24.55,16.38,8.17,76.82,90.14,6.5815,3.34
2021-12-18,3.7402,19.11,24.13,15.23,8.9,79.05,96.11,6.6559,3.8
2021-12-19,4.5115,19.72,25.76,15.4,10.36,75.97,77.1,6.7046,0.22
2021-12-20,5.1178,19.79,26.04,15.18,10.86,76.48,75.46,6.665,0.61
2021-12-21,5.119,19.62,24.43,15.99,8.44,80.52,75.13,6.6994,1.4
2021-12-22,5.3719,19.11,23.82,15.4,8.42,82.59,57.93,6.8688,1.27
2021-12-23,4.6351,19.48,24.65,16.1,8.55,79.85,86.34,6.8422,0.73
2021-12-24,4.8454,18.66,21.21,16.91,4.3,85.86,92.94,6.6221,1.27
2021-12-25,4.7671,19.82,24.91,15.48,9.43,78.01,73.47,6.6475,0.18
2021-12-26,5.3777,20.25,26.44,16.22,10.22,71.22,66.51,6.761,1.67
2021-12-27,4.103,19.02,23.24,16.47,6.77,83.06,89.69,6.7697,6.58
2021-12-28,4.7095,19.58,25.01,15.82,9.19,78.93,82.03,6.5861,7.19
2021-12-29,3.5172,19.68,25.33,15.57,9.76,76.83,99.64,6.6427,5.45
2021-12-30,4.5871,19.59,24.73,16.28,8.45,76.31,94.74,6.473,1.75
2021-12-31,4.7011,20.28,26.26,16.26,10.0,73.44,87.68,6.4171,1.24
2022-01-01,4.8986,19.16,23.82,15.91,7.91,74.01,78.14,6.8282,2.78
2022-01-02,5.0863,18.88,25.51,14.65,10.86,68.05,78.63,6.888,4.44
2022-01-03,5.5474,18.82,24.85,13.79,11.06,74.46,72.74,6.935,1.76
2022-01-04,5.7274,18.99,24.78,15.5,9.28,72.19,64.59,6.9192,0.98
2022-01-05,5.208,18.49,24.03,14.91,9.12,74.13,79.03,6.8674,3.27
2022-01-06,3.7039,18.57,24.26,14.31,9.95,72.3,97.22,6.8009,2.7
2022-01-07,5.1185,19.04,25.28,13.88,11.4,69.23,86.95,6.8844,0.79
2022-01-08,5.713,19.29,25.74,13.78,11.96,69.17,60.03,6.8177,0.4
2022-01-09,5.4451,18.83,24.16,15.1,9.06,76.74,53.31,6.6864,1.11
2022-01-10,3.8446,18.83,24.52,14.92,9.6,75.48,95.86,6.5698,1.43
2022-01-11,4.3301,18.75,24.64,14.79,9.85,78.02,81.32,6.744,0.19
2022-01-12,4.2638,19.23,25.09,14.77,10.32,75.79,79.52,6.8338,0.83
2022-01-13,3.2844,18.06,22.62,15.2,7.42,83.78,97.77,6.8494,2.82
2022-01-14,3.9187,18.56,23.38,14.7,8.68,76.82,98.75,7.001,0.92
2022-01-15,4.3831,20.09,26.91,15.06,11.85,65.99,93.75,6.5995,0.05
2022-01-16,5.1281,20.19,26.7,14.81,11.89,67.21,83.24,6.5647,4.53
2022-01-17,4.3116,19.8,25.72,15.18,10.54,70.2,79.9,6.8035,1.05
2022-01-18,4.3282,19.82,25.89,14.93,10.96,73.61,81.96,6.6691,5.24
2022-01-19,5.1326,20.07,27.21,14.67,12.54,65.65,62.91,6.9144,0.29
2022-01-20,5.2546,20.22,27.08,14.95,12.13,61.13,66.15,6.9559,0.0
2022-01-21,5.2318,20.83,28.56,14.12,14.44,61.5,82.48,6.9468,0.02
2022-01-22,4.8305,20.94,27.7,15.44,12.26,65.63,78.22,6.8998,1.6
2022-01-23,4.0738,20.59,26.61,16.63,9.98,73.03,85.87,6.9619,2.59
2022-01-24,4.9862,20.89,26.46,16.49,9.97,71.29,60.03,6.9302,3.11
2022-01-25,3.7886,18.88,22.12,16.4,5.72,78.35,92.75,6.9367,8.12
2022-01-26,3.5803,19.62,24.87,16.23,8.64,76.4,99.69,6.8592,1.21
2022-01-27,5.3726,19.49,24.91,16.05,8.86,76.03,68.2,7.0152,2.55
2022-01-28,6.18,19.86,26.21,14.78,11.43,71.37,46.52,7.1842,2.1
2022-01-29,6.2875,19.62,25.29,14.97,10.32,70.79,48.65,7.0462,0.36
2022-01-30,6.0144,19.11,25.37,15.29,10.08,71.96,64.74,7.2425,0.22
2022-01-31,6.2081,19.39,26.01,14.37,11.64,66.28,63.67,7.0654,0.03
2022-02-01,5.8049,19.76,26.84,14.2,12.64,61.1,59.34,6.9924,0.0
2022-02-02,4.9771,19.94,27.9,13.01,14.89,57.63,71.76,7.158,0.0
2022-02-03,5.105,21.31,27.83,15.83,12.0,60.97,90.48,6.937,0.03
2022-02-04,4.5053,19.6,24.35,16.53,7.82,75.39,86.27,6.7006,4.32
2022-02-05,4.3411,18.09,20.91,15.48,5.43,85.44,87.3,7.0015,4.91
2022-02-06,3.361,18.67,23.83,14.66,9.17,75.78,89.26,7.0733,4.41
2022-02-07,3.4013,19.1,24.29,15.82,8.47,80.12,95.44,6.8671,9.93
2022-02-08,1.7443,18.27,21.91,15.87,6.04,85.93,93.05,6.9559,14.87
2022-02-09,3.8722,18.02,22.76,15.15,7.61,82.53,96.67,6.7922,7.52
2022-02-10,4.5862,19.22,24.3,15.35,8.95,77.81,91.15,6.9514,3.93
2022-02-11,4.9452,19.19,23.87,15.8,8.07,77.37,72.75,7.0978,2.72
2022-02-12,5.1641,19.5,24.17,15.96,8.21,78.29,78.68,7.0567,1.12
2022-02-13,4.3015,20.27,26.23,16.25,9.98,72.23,88.7,7.1599,0.46
2022-02-14,3.5141,19.02,26.01,14.55,11.46,70.42,98.96,7.1839,4.11
2022-02-15,4.3476,19.46,25.34,15.38,9.96,72.72,79.91,7.3255,1.43
2022-02-16,5.239,19.63,25.08,15.9,9.18,72.58,70.16,7.3106,4.37
2022-02-17,4.7014,20.42,27.05,14.78,12.27,69.75,94.95,7.0445,1.12
2022-02-18,3.395,19.83,25.01,16.76,8.25,73.79,97.4,7.1386,3.54
2022-02-19,3.9962,18.38,21.59,16.38,5.21,82.25,82.37,7.2499,0.97
2022-02-20,4.231,17.87,22.33,15.03,7.3,82.35,89.3,7.2631,3.95
2022-02-21,5.143,18.86,24.95,14.46,10.49,73.63,83.05,7.2941,2.06
2022-02-22,5.538,19.83,27.0,14.38,12.62,67.12,65.87,7.0954,0.35
2022-02-23,4.926,20.5,26.97,15.46,11.51,64.67,84.9,7.1443,0.05
2022-02-24,4.3644,19.67,24.41,16.69,7.72,75.54,90.69,7.2158,1.6
2022-02-25,4.0634,19.9,25.44,16.24,9.2,79.26,87.49,7.2835,9.18
2022-02-26,3.6578,19.0,22.96,16.3,6.66,83.42,89.13,7.0219,9.95
2022-02-27,3.1306,18.78,23.84,15.63,8.21,84.0,98.69,7.2518,22.83
2022-02-28,3.7325,18.05,22.21,15.39,6.82,83.71,96.56,7.2046,11.96
2022-03-01,3.7538,19.04,24.7,14.05,10.65,79.06,92.84,7.0877,5.89
2022-03-02,2.6028,18.85,23.36,15.49,7.87,82.16,99.4,7.2067,7.42
2022-03-03,4.2871,17.91,20.97,16.3,4.67,89.14,95.42,7.4731,7.03
2022-03-04,4.2893,18.32,23.74,13.81,9.93,78.31,91.26,7.2617,6.47
2022-03-05,4.2734,18.81,23.42,15.64,7.78,83.72,88.36,7.0526,6.28
2022-03-06,3.7234,17.75,21.09,15.34,5.75,88.66,97.77,7.1311,19.01
2022-03-07,3.5122,17.62,21.18,15.16,6.02,87.48,95.71,7.4083,7.2
2022-03-08,5.0472,18.85,24.09,14.3,9.79,78.23,75.25,7.4239,1.09
2022-03-09,6.1565,19.07,24.19,15.2,8.99,78.39,45.68,7.4474,0.06
2022-03-10,4.9524,19.05,24.58,14.75,9.83,80.42,66.4,7.3675,0.46
2022-03-11,4.2216,17.45,20.64,15.49,5.15,88.82,87.02,7.3214,7.26
2022-03-12,4.8571,17.94,22.72,14.65,8.07,77.62,91.59,7.3829,3.58
2022-03-13,4.8538,18.12,22.92,13.91,9.01,75.44,88.82,7.3085,10.39
2022-03-14,4.9332,17.83,21.87,14.62,7.25,81.75,86.41,7.4479,14.19
2022-03-15,5.4922,18.81,23.5,14.7,8.8,81.44,67.14,7.5958,6.11
2022-03-16,5.1883,18.67,22.34,15.45,6.89,84.77,71.04,7.3522,7.07
2022-03-17,4.535,19.53,24.62,15.86,8.76,80.51,83.83,7.3243,1.72
2022-03-18,4.9277,19.81,24.97,15.84,9.13,80.47,90.63,7.2247,3.18
2022-03-19,4.8394,19.61,25.33,14.99,10.34,78.94,91.12,7.7686,2.04
2022-03-20,4.3166,19.96,25.35,15.84,9.51,79.35,94.98,7.3889,10.25
2022-03-21,5.179,19.21,24.15,15.78,8.37,83.85,80.56,7.3039,12.95
2022-03-22,3.9629,20.02,25.86,15.8,10.06,80.01,90.94,7.4261,2.84
2022-03-23,4.6812,19.65,25.66,15.58,10.08,81.25,83.37,7.1698,1.98
2022-03-24,4.4436,19.91,25.8,15.2,10.6,77.46,81.38,7.1628,5.25
2022-03-25,4.0565,19.7,25.6,15.22,10.38,79.49,88.86,7.1527,7.17
2022-03-26,3.618,19.48,24.53,15.84,8.69,80.99,95.92,7.4136,10.58
2022-03-27,3.6281,18.84,22.58,15.8,6.78,82.38,99.51,7.4016,7.77
2022-03-28,4.6049,18.45,23.47,14.63,8.84,83.04,93.33,7.2787,13.0
2022-03-29,4.5907,18.14,22.54,15.03,7.51,83.87,97.72,7.3702,5.36
2022-03-30,4.8377,18.95,23.9,15.6,8.3,82.46,91.12,7.4333,1.51
2022-03-31,4.3397,19.46,25.14,15.53,9.61,78.23,85.09,7.3368,4.77
2022-04-01,4.645,19.56,25.39,14.34,11.05,76.04,78.89,7.1945,6.62
2022-04-02,4.6262,19.73,25.37,15.36,10.01,77.44,82.87,7.1484,2.22
2022-04-03,4.6601,19.5,25.37,14.68,10.69,78.26,82.82,6.8851,9.96
2022-04-04,4.8782,19.43,24.71,14.84,9.87,80.89,83.52,7.188,7.55
2022-04-05,4.8701,18.92,24.16,14.94,9.22,82.05,90.53,7.3231,33.89
2022-04-06,5.3294,19.09,24.2,14.28,9.92,80.44,79.46,7.4993,8.3
2022-04-07,4.1662,19.21,24.19,14.9,9.29,80.82,98.19,7.451,6.37
2022-04-08,4.381,19.29,24.64,14.46,10.18,80.9,95.33,7.2271,1.21
2022-04-09,4.5384,19.28,24.08,16.16,7.92,83.26,85.09,7.14,17.92
2022-04-10,5.0957,19.33,25.67,13.92,11.75,80.39,98.32,7.2233,3.19
2022-04-11,4.7621,19.43,24.66,15.01,9.65,81.35,96.38,7.0757,5.85
2022-04-12,4.0507,19.76,25.96,14.66,11.3,74.84,83.49,6.8688,2.03
2022-04-13,4.1503,20.27,25.52,16.13,9.39,74.57,94.29,7.2346,1.02
2022-04-14,4.6884,20.28,26.24,16.52,9.72,74.74,74.48,6.9058,0.23
2022-04-15,4.7474,19.52,25.43,14.37,11.06,79.84,98.67,6.9922,1.56
2022-04-16,4.4318,19.45,24.0,16.24,7.76,81.03,99.13,7.0226,5.59
2022-04-17,3.7231,18.69,23.62,14.93,8.69,83.02,95.63,7.236,4.18
2022-04-18,3.8206,18.82,24.09,14.95,9.14,82.81,98.4,7.3375,11.23
2022-04-19,3.6031,17.82,22.1,14.69,7.41,84.81,97.03,7.5586,25.47
2022-04-20,3.4642,17.71,21.17,15.15,6.02,84.54,96.47,7.3968,8.69
2022-04-21,4.1225,17.14,20.85,14.6,6.25,88.42,93.35,7.3963,3.05
2022-04-22,4.5965,17.55,22.57,13.69,8.88,85.3,88.91,7.3625,1.82
2022-04-23,4.4126,17.53,22.39,14.19,8.2,86.01,79.98,7.2888,3.96
2022-04-24,4.5022,17.79,21.59,14.15,7.44,84.7,76.73,7.0361,11.57
2022-04-25,3.0211,18.12,22.91,14.89,8.02,83.91,81.43,7.2984,10.59
2022-04-26,5.2834,18.72,23.88,14.09,9.79,83.13,63.07,7.3342,14.14
2022-04-27,3.9113,18.81,23.49,15.01,8.48,83.12,98.06,7.4138,9.71
2022-04-28,2.8404,18.29,21.86,15.02,6.84,86.11,96.02,7.3706,23.69
2022-04-29,3.9077,19.1,24.32,14.86,9.46,82.08,83.54,7.4484,9.44
2022-04-30,4.399,18.26,23.36,14.35,9.01,79.28,95.29,7.3642,9.07
2022-05-01,5.7089,18.2,23.68,13.14,10.54,78.15,69.35,7.3452,5.19
2022-05-02,5.351,19.08,25.07,12.94,12.13,76.8,85.94,7.2902,1.56
2022-05-03,6.1447,19.94,25.8,14.95,10.85,74.84,54.43,7.3726,0.18
2022-05-04,6.167,19.45,25.53,13.09,12.44,72.63,76.85,7.386,2.06
2022-05-05,2.0736,18.88,23.4,15.98,7.42,80.53,99.18,7.2941,19.16
2022-05-06,4.5878,18.74,23.54,14.46,9.08,81.86,91.07,7.1734,8.06
2022-05-07,3.1442,18.64,24.12,14.56,9.56,84.35,99.72,7.3236,17.35
2022-05-08,5.627,18.83,23.54,15.07,8.47,82.77,65.25,7.3236,2.12
2022-05-09,4.9646,19.1,23.88,15.07,8.81,81.14,80.3,7.3212,7.47
2022-05-10,4.9313,19.02,24.14,15.25,8.89,83.78,82.42,7.1378,24.54
2022-05-11,4.2598,18.72,22.71,15.81,6.9,87.93,92.89,7.3111,10.87
2022-05-12,4.7674,18.61,23.02,14.95,8.07,86.46,85.0,7.3226,21.24
2022-05-13,4.4066,19.0,23.78,15.06,8.72,82.45,95.14,7.3306,9.26
2022-05-14,2.9143,18.59,23.58,14.29,9.29,83.01,95.15,7.2274,8.91
2022-05-15,5.1797,19.32,23.76,15.94,7.82,82.49,66.86,7.1729,24.71
2022-05-16,4.0169,18.72,23.78,14.66,9.12,82.48,94.16,7.2713,31.35
2022-05-17,3.7687,18.7,23.63,14.59,9.04,81.98,99.68,7.1126,6.73
2022-05-18,1.9788,18.86,24.0,14.84,9.16,82.15,99.62,7.0759,28.94
2022-05-19,4.625,18.1,22.27,15.2,7.07,84.94,94.38,7.2982,11.19
2022-05-20,4.692,18.51,23.68,13.77,9.91,81.82,92.97,7.1906,0.29
2022-05-21,4.1774,18.91,24.13,14.88,9.25,80.11,88.5,7.0692,2.58
2022-05-22,6.0209,19.36,24.7,15.32,9.38,73.62,56.09,7.0675,11.61
2022-05-23,4.6339,19.08,23.87,14.16,9.71,77.89,97.44,7.0949,12.75
2022-05-24,4.0018,18.86,23.46,15.38,8.08,82.4,90.97,6.821,7.98
2022-05-25,4.6102,18.72,23.93,14.85,9.08,79.98,96.34,6.9043,5.72
2022-05-26,4.1698,18.13,23.37,14.68,8.69,81.54,98.1,6.9674,5.1
2022-05-27,4.6543,17.46,22.72,13.35,9.37,79.88,89.38,7.0848,3.41
2022-05-28,4.099,17.72,23.0,13.31,9.69,78.79,91.02,6.9845,10.48
2022-05-29,4.2334,18.11,23.45,13.32,10.13,79.16,83.71,7.0397,8.52
2022-05-30,3.8513,18.64,23.43,14.22,9.21,79.42,94.51,6.8923,5.43
2022-05-31,4.5142,18.24,23.3,15.13,8.17,84.66,99.01,7.0526,4.24
2022-06-01,4.4165,18.35,22.7,15.02,7.68,83.33,89.35,6.8316,2.4
2022-06-02,3.912,18.68,24.11,13.96,10.15,80.52,97.77,7.0786,7.01
2022-06-03,3.3746,17.39,21.1,14.58,6.52,87.31,97.35,6.9235,19.58
2022-06-04,3.9257,17.63,21.59,14.68,6.91,87.18,95.4,6.7774,12.56
2022-06-05,4.7422,17.8,22.26,14.22,8.04,84.81,91.08,6.8719,8.82
2022-06-06,4.3661,18.61,23.63,14.14,9.49,81.73,80.88,6.8484,23.58
2022-06-07,4.4107,17.88,21.79,14.82,6.97,86.07,95.33,7.0654,10.16
2022-06-08,4.5686,18.3,23.03,14.93,8.1,83.1,85.16,6.9367,0.56
2022-06-09,3.9914,18.15,23.22,14.19,9.03,83.81,84.48,6.8969,0.33
2022-06-10,4.7191,18.53,23.84,13.74,10.1,82.53,64.74,6.805,10.84
2022-06-11,3.0535,17.76,21.63,14.69,6.94,84.33,99.86,6.7548,7.75
2022-06-12,4.2607,17.67,22.81,13.45,9.36,81.56,94.83,6.7711,8.31
2022-06-13,3.7764,17.72,21.85,14.22,7.63,80.53,96.93,6.8489,6.7
2022-06-14,4.5751,17.35,21.95,12.88,9.07,82.1,82.31,6.6866,2.46
2022-06-15,4.4359,17.95,22.71,13.1,9.61,77.4,71.87,6.7822,1.73
2022-06-16,3.7632,17.87,22.88,12.58,10.3,80.42,90.72,6.853,2.83
2022-06-17,3.4157,18.31,23.71,14.53,9.18,82.62,97.19,7.0272,4.07
2022-06-18,4.3435,18.02,22.53,14.2,8.33,84.31,83.59,6.7711,10.25
2022-06-19,4.1647,17.87,22.4,13.34,9.06,79.7,98.72,6.6989,5.8
2022-06-20,4.1426,17.4,22.49,12.33,10.16,80.66,96.69,6.8875,7.84
2022-06-21,4.4117,17.65,22.79,13.41,9.38,81.93,89.44,6.8285,10.71
2022-06-22,4.5475,18.3,23.49,13.59,9.9,78.63,74.53,6.9509,8.78
2022-06-23,2.6386,18.29,23.5,13.22,10.28,77.3,88.8,6.8897,3.48
2022-06-24,4.1376,18.14,23.19,14.03,9.16,78.87,93.56,6.8383,3.83
2022-06-25,4.3366,17.4,21.78,13.11,8.67,81.17,84.52,6.7488,1.45
2022-06-26,3.9017,16.61,20.8,12.74,8.06,82.1,94.19,6.6643,5.24
2022-06-27,4.6411,17.48,22.72,12.19,10.53,80.91,72.64,6.6862,3.49
2022-06-28,4.9759,18.37,22.92,14.11,8.81,81.84,73.27,6.875,8.14
2022-06-29,4.1966,18.3,22.45,14.54,7.91,82.23,86.2,6.8873,7.22
2022-06-30,4.7201,18.41,22.97,13.92,9.05,79.35,75.28,6.8393,1.37
2022-07-01,4.8026,17.98,22.02,14.82,7.2,81.16,77.83,6.9053,6.3
2022-07-02,4.1381,18.25,23.2,13.19,10.01,80.01,95.42,6.8645,6.03
2022-07-03,4.6306,18.56,23.62,13.94,9.68,78.03,83.56,6.8714,3.82
2022-07-04,4.051,18.49,24.08,13.5,10.58,78.82,90.62,6.8347,2.74
2022-07-05,4.775,17.85,22.87,13.68,9.19,79.22,74.94,6.8213,0.45
2022-07-06,4.8938,17.79,24.16,11.41,12.75,77.54,66.22,6.9295,0.09
2022-07-07,4.3841,18.24,23.88,12.29,11.59,77.49,53.35,6.9598,7.9
2022-07-08,2.5706,18.2,22.84,13.55,9.29,78.65,98.19,7.0138,21.57
2022-07-09,4.9903,18.55,23.54,13.84,9.7,78.94,70.49,6.8299,12.03
2022-07-10,4.2346,18.45,23.41,12.91,10.5,78.09,88.78,6.882,12.76
2022-07-11,3.6823,18.26,22.73,14.72,8.01,82.09,98.29,6.9329,4.79
2022-07-12,4.3464,18.18,23.42,13.56,9.86,80.6,81.05,6.829,8.68
2022-07-13,4.5137,18.36,23.94,13.42,10.52,77.13,79.29,6.9252,3.82
2022-07-14,4.9855,18.6,24.04,13.3,10.74,78.76,84.6,6.8698,3.03
2022-07-15,4.9142,19.26,24.54,15.29,9.25,80.74,71.58,6.9353,4.73
2022-07-16,4.897,18.87,24.03,14.43,9.6,77.5,57.49,7.0325,2.35
2022-07-17,3.8638,17.93,23.3,13.77,9.53,78.63,91.94,7.1508,4.14
2022-07-18,4.4376,16.96,22.37,12.06,10.31,78.93,85.2,7.0654,1.38
2022-07-19,4.8612,17.45,22.56,12.06,10.5,78.81,81.04,6.9518,10.62
2022-07-20,4.6428,17.45,22.34,13.46,8.88,81.8,89.72,6.8664,4.78
2022-07-21,4.1501,17.96,23.29,12.69,10.6,79.3,88.39,6.9242,0.71
2022-07-22,4.5298,18.51,23.34,13.76,9.58,79.9,87.53,7.0322,3.44
2022-07-23,4.093,18.73,23.99,14.7,9.29,81.86,95.2,6.8191,4.81
2022-07-24,4.5134,18.68,23.66,14.66,9.0,78.92,91.8,6.8141,12.4
2022-07-25,3.4188,18.08,22.87,13.23,9.64,79.59,97.2,6.9708,4.96
2022-07-26,3.9852,18.02,22.77,13.58,9.19,82.51,95.63,7.1239,8.95
2022-07-27,3.9082,17.91,22.01,14.92,7.09,82.65,92.25,7.0195,33.91
2022-07-28,4.4508,17.62,22.5,13.15,9.35,81.11,94.8,7.1088,6.97
2022-07-29,4.8686,18.04,23.49,12.52,10.97,77.83,70.89,6.9509,2.94
2022-07-30,5.5697,18.2,23.73,12.08,11.65,79.02,58.38,7.049,13.03
2022-07-31,4.6942,18.61,24.12,13.82,10.3,79.53,92.39,6.9319,14.18
2022-08-01,4.9198,18.57,23.41,14.59,8.82,81.54,90.68,7.0908,7.18
2022-08-02,3.7766,18.23,22.72,13.87,8.85,80.27,97.74,7.2096,15.36
2022-08-03,4.6049,18.32,22.65,14.41,8.24,79.52,79.2,7.0728,2.75
2022-08-04,4.1474,18.35,23.46,13.16,10.3,77.83,85.54,7.1326,1.31
2022-08-05,4.1858,18.11,23.7,12.79,10.91,76.88,96.45,7.1321,28.05
2022-08-06,4.4378,17.78,23.38,13.16,10.22,77.1,90.86,7.1258,1.36
2022-08-07,5.1612,18.27,24.57,12.01,12.56,75.35,74.84,7.3046,0.02
2022-08-08,5.9426,18.39,24.77,11.63,13.14,76.26,38.96,7.3181,4.15
2022-08-09,3.2976,18.58,23.61,14.47,9.14,77.81,97.36,7.1527,1.71
2022-08-10,4.5127,17.47,21.76,13.94,7.82,81.43,94.95,7.0366,0.38
2022-08-11,5.556,17.9,23.3,12.49,10.81,75.87,61.88,7.2389,0.05
2022-08-12,5.8262,18.39,23.02,14.55,8.47,79.99,71.71,7.2391,23.79
2022-08-13,3.763,18.06,22.46,13.87,8.59,81.2,92.23,7.1062,18.07
2022-08-14,4.4474,18.28,23.03,14.3,8.73,80.58,88.82,7.0937,14.27
2022-08-15,4.607,18.11,23.51,12.86,10.65,76.33,81.55,7.3133,2.22
2022-08-16,5.5037,18.42,24.65,12.85,11.8,75.15,64.86,7.4165,3.6
2022-08-17,6.5256,19.09,25.18,13.33,11.85,74.8,36.52,7.434,0.19
2022-08-18,6.6125,19.13,24.79,14.24,10.55,74.08,48.91,7.4506,0.28
2022-08-19,5.9441,18.72,24.86,12.78,12.08,77.25,65.77,7.23,10.17
2022-08-20,3.6658,17.95,23.34,14.42,8.92,80.15,99.49,7.0567,9.64
2022-08-21,4.86,17.65,22.84,13.4,9.44,81.52,91.61,7.1791,0.71
2022-08-22,3.9509,17.51,22.74,13.32,9.42,79.6,86.53,7.0903,0.12
2022-08-23,5.8339,17.44,23.33,12.05,11.28,75.33,60.27,7.1978,0.06
2022-08-24,5.5298,17.42,23.43,11.67,11.76,75.6,47.94,7.1143,0.02
2022-08-25,4.2499,18.08,22.92,13.2,9.72,75.15,79.18,6.8126,0.45
2022-08-26,4.3373,18.09,23.26,13.47,9.79,78.4,88.9,6.8371,1.24
2022-08-27,5.135,18.34,22.81,14.3,8.51,77.73,81.86,7.0334,0.71
2022-08-28,4.423,17.14,22.33,12.81,9.52,77.11,92.61,7.2403,2.47
2022-08-29,3.4421,16.9,22.22,12.27,9.95,78.69,96.21,7.3786,8.14
2022-08-30,5.9009,18.04,23.66,12.25,11.41,76.06,65.18,7.3582,2.04
2022-08-31,5.0268,18.89,23.82,13.91,9.91,76.77,83.0,7.3186,2.08
2022-09-01,4.7189,18.37,22.52,14.54,7.98,83.04,82.65,7.2754,4.42
2022-09-02,3.6854,19.16,24.67,14.67,10.0,81.32,92.74,7.2286,6.33
2022-09-03,4.1659,18.4,22.73,15.14,7.59,82.78,80.46,7.3351,10.65
2022-09-04,3.9048,18.09,23.76,13.12,10.64,78.58,93.69,7.0262,1.7
2022-09-05,4.1906,18.09,23.56,13.9,9.66,76.51,79.04,6.6566,0.17
2022-09-06,4.5778,18.08,23.26,12.58,10.68,77.48,86.32,7.0289,0.33
2022-09-07,5.2572,18.75,24.63,13.85,10.78,76.28,81.47,7.1561,0.05
2022-09-08,5.5342,18.39,24.17,12.77,11.4,77.63,80.64,7.3138,2.48
2022-09-09,4.151,19.34,24.22,14.64,9.58,76.83,89.93,7.2631,1.47
2022-09-10,4.3934,19.38,24.78,15.3,9.48,75.26,95.14,7.1393,1.59
2022-09-11,5.6914,18.75,24.62,13.23,11.39,75.25,69.3,7.3786,0.12
2022-09-12,5.2106,18.79,24.8,13.48,11.32,78.4,78.68,7.4345,1.28
2022-09-13,5.0546,18.8,25.03,13.85,11.18,75.61,86.61,7.5029,5.81
2022-09-14,4.7354,18.91,24.13,14.85,9.28,77.54,88.04,7.4069,3.45
2022-09-15,5.7269,19.08,24.7,13.64,11.06,77.2,71.83,7.4678,7.71
2022-09-16,3.2172,18.93,24.4,14.36,10.04,78.11,99.79,7.3644,9.33
2022-09-17,5.1002,18.7,24.43,13.62,10.81,74.46,90.67,7.2828,1.03
2022-09-18,4.0572,19.03,24.09,14.92,9.17,76.73,83.05,7.5173,1.01
2022-09-19,4.3646,18.18,22.93,14.5,8.43,82.16,97.31,7.3462,9.73
2022-09-20,5.6693,18.45,22.99,14.47,8.52,83.41,72.62,7.4796,8.2
2022-09-21,3.5369,18.02,21.64,14.53,7.11,83.99,94.72,7.4842,6.63
2022-09-22,4.3498,17.67,21.97,14.79,7.18,85.11,95.77,7.5072,3.97
2022-09-23,5.693,18.82,24.8,14.09,10.71,78.9,72.97,7.5583,8.9
2022-09-24,4.967,18.53,23.87,14.17,9.7,77.61,97.94,7.3721,13.12
2022-09-25,5.4814,18.65,24.77,12.59,12.18,72.59,94.48,7.3176,0.19
2022-09-26,5.7518,19.13,25.19,14.84,10.35,72.37,68.23,7.4189,0.03
2022-09-27,5.6856,18.86,25.53,12.09,13.44,74.51,74.22,7.5394,0.02
2022-09-28,3.949,18.81,23.28,14.24,9.04,77.24,99.65,7.2715,2.75
2022-09-29,4.9608,19.13,24.37,14.57,9.8,76.75,88.19,7.283,1.56
2022-09-30,4.3428,18.69,23.16,14.83,8.33,79.27,92.53,7.3193,21.06
2022-10-01,4.0438,17.49,22.03,14.23,7.8,79.91,92.72,7.2298,7.68
2022-10-02,5.3911,17.61,23.13,12.59,10.54,76.51,80.49,7.3622,0.37
2022-10-03,5.9484,18.21,23.93,11.69,12.24,75.75,59.67,7.5398,3.08
2022-10-04,5.238,18.93,24.02,14.58,9.44,78.89,91.08,7.4141,2.16
2022-10-05,5.3705,18.13,21.81,15.62,6.19,88.04,83.53,7.4714,12.9
2022-10-06,4.5734,18.43,22.97,15.75,7.22,87.04,96.38,7.2934,11.44
2022-10-07,5.5282,18.16,22.77,14.76,8.01,81.94,77.85,7.3133,16.35
2022-10-08,4.3466,18.2,23.74,13.9,9.84,77.93,98.54,7.386,11.09
2022-10-09,4.771,18.37,24.12,13.59,10.53,79.04,89.55,7.3718,0.67
2022-10-10,5.8673,18.73,24.88,14.26,10.62,76.82,60.21,7.4285,0.13
2022-10-11,4.2792,18.48,24.27,13.02,11.25,77.13,77.39,7.3733,0.12
2022-10-12,4.9644,19.3,24.75,13.97,10.78,73.71,80.1,7.2684,0.26
2022-10-13,4.9466,17.52,21.65,15.29,6.36,90.46,96.51,7.2638,7.44
2022-10-14,5.2058,18.8,24.26,14.33,9.93,83.78,77.74,7.2857,1.34
2022-10-15,4.1112,19.18,24.0,15.49,8.51,82.31,98.77,7.0577,6.99
2022-10-16,4.8283,18.85,22.56,16.04,6.52,83.53,84.23,7.284,8.32
2022-10-17,5.0489,18.27,21.85,16.12,5.73,88.09,86.51,7.3186,10.06
2022-10-18,4.3666,18.38,22.55,15.63,6.92,87.26,92.43,7.2538,12.04
2022-10-19,4.5698,18.62,23.1,15.32,7.78,86.67,87.07,7.2377,29.62
2022-10-20,3.3931,18.36,22.95,15.17,7.78,82.87,95.02,7.3286,16.14
2022-10-21,4.3675,18.11,22.97,15.06,7.91,86.41,88.78,7.1998,3.77
2022-10-22,4.559,18.58,23.8,15.69,8.11,86.51,87.19,7.1815,7.94
2022-10-23,4.1762,18.08,21.83,14.85,6.98,87.92,97.3,7.1234,22.77
2022-10-24,4.4287,18.62,22.85,15.64,7.21,84.01,93.07,7.0601,4.26
2022-10-25,4.9195,18.08,21.71,15.64,6.07,87.84,88.02,7.0961,5.37
2022-10-26,3.9348,18.51,23.46,15.17,8.29,86.13,99.69,7.121,16.74
2022-10-27,4.4294,18.15,23.38,14.47,8.91,85.93,90.83,7.2626,7.35
2022-10-28,4.4734,17.8,22.43,14.51,7.92,87.82,96.28,7.1458,15.06
2022-10-29,4.6865,17.81,23.01,13.59,9.42,85.6,96.76,7.247,10.44
2022-10-30,5.634,18.11,23.86,14.83,9.03,81.88,59.07,7.2305,0.66
2022-10-31,5.9705,18.18,24.21,12.92,11.29,82.98,43.26,7.2674,0.04
2022-11-01,5.5226,18.94,24.74,13.74,11.0,83.39,49.29,7.0913,4.99
2022-11-02,2.2663,18.49,23.52,14.63,8.89,80.64,99.53,6.8774,14.3
2022-11-03,5.1737,17.75,22.33,14.32,8.01,85.86,89.34,7.0351,9.75
2022-11-04,4.9694,17.79,21.85,14.09,7.76,83.3,91.94,6.9734,4.3
2022-11-05,3.7987,17.45,21.59,14.65,6.94,89.34,97.67,7.0073,0.7
2022-11-06,4.4035,17.88,22.34,14.59,7.75,89.45,90.67,7.0594,9.62
2022-11-07,3.9746,18.18,22.22,15.5,6.72,89.02,89.42,6.949,11.25
2022-11-08,4.9363,18.29,23.05,14.56,8.49,85.46,91.55,6.9127,15.55
2022-11-09,4.9918,17.77,22.01,14.53,7.48,88.92,84.78,6.8863,20.83
2022-11-10,4.0114,17.08,20.37,14.92,5.45,89.19,86.72,7.0171,1.84
2022-11-11,4.2521,17.31,21.46,14.35,7.11,89.87,77.79,6.9211,10.97
2022-11-12,4.7066,17.45,21.7,14.17,7.53,88.97,85.19,6.8822,4.19
2022-11-13,5.2013,18.4,23.02,15.06,7.96,88.03,79.52,6.9072,3.2
2022-11-14,4.4647,18.66,23.42,14.99,8.43,86.13,82.29,6.7579,2.71
2022-11-15,4.5962,18.69,23.0,15.73,7.27,85.84,87.5,6.6046,3.97
2022-11-16,4.175,18.92,23.28,15.52,7.76,81.67,93.79,6.6756,2.2
2022-11-17,4.4568,18.15,22.38,14.29,8.09,84.78,89.06,6.6242,4.01
2022-11-18,3.8225,17.41,20.08,15.99,4.09,91.41,92.22,6.7075,3.28
2022-11-19,4.8766,18.68,23.35,15.38,7.97,86.49,62.29,6.6758,2.14
2022-11-20,3.689,19.22,24.43,15.57,8.86,84.92,88.02,6.8611,6.32
2022-11-21,5.6196,19.03,23.45,16.06,7.39,87.31,61.38,6.9084,1.92
2022-11-22,4.6954,17.93,21.93,15.38,6.55,89.97,85.64,7.0298,1.56
2022-11-23,4.7988,17.71,22.88,14.19,8.69,85.63,88.94,6.9518,3.2
2022-11-24,4.807,18.09,23.02,14.93,8.09,87.12,77.26,6.8011,3.88
2022-11-25,4.5427,18.45,22.78,15.39,7.39,86.88,69.45,6.7632,0.57
2022-11-26,4.0474,17.44,21.61,15.02,6.59,87.9,85.34,6.7531,7.78
2022-11-27,3.0713,17.83,21.12,15.65,5.47,89.1,98.61,6.6854,4.35
2022-11-28,4.0493,16.75,20.24,14.42,5.82,90.99,87.78,6.7618,10.99
2022-11-29,4.5319,16.77,21.92,13.36,8.56,85.44,89.36,6.7164,6.35
2022-11-30,3.4802,16.93,22.13,13.14,8.99,87.2,96.27,6.6768,2.47
2022-12-01,6.0514,16.96,22.51,12.68,9.83,88.32,54.11,6.953,1.2
2022-12-02,6.0898,17.06,22.04,13.28,8.76,88.42,42.11,6.9394,0.63
2022-12-03,5.2733,17.18,22.09,13.71,8.38,86.12,76.33,6.8256,1.17
2022-12-04,4.8091,16.67,19.93,14.37,5.56,90.5,79.45,6.7236,10.81
2022-12-05,4.6728,17.02,22.56,12.32,10.24,85.35,77.75,6.7958,8.19
2022-12-06,4.5696,17.29,21.96,13.46,8.5,89.17,70.58,6.7874,10.37
2022-12-07,3.6372,17.16,20.76,14.16,6.6,88.91,90.18,6.8299,3.88
2022-12-08,4.1095,17.65,22.36,14.37,7.99,87.5,74.68,6.7476,0.7
2022-12-09,4.5905,18.47,23.91,14.32,9.59,80.85,62.56,6.6401,0.3
2022-12-10,3.917,17.98,22.77,13.81,8.96,83.22,72.12,6.5189,0.25
2022-12-11,4.2101,17.86,22.44,14.47,7.97,84.7,67.05,6.5078,3.19
2022-12-12,5.274,18.34,22.82,14.64,8.18,82.72,65.52,6.6667,2.23
2022-12-13,3.9715,18.26,23.02,14.76,8.26,82.38,86.84,6.5873,4.07
2022-12-14,4.1434,18.31,23.61,13.84,9.77,78.25,87.79,6.5645,1.52
2022-12-15,5.0395,18.62,24.15,14.53,9.62,79.43,74.87,6.5359,0.15
2022-12-16,5.7749,18.64,24.64,13.24,11.4,77.5,46.33,6.7073,0.5
2022-12-17,5.5222,19.07,24.64,14.51,10.13,77.92,59.81,6.6967,1.65
2022-12-18,4.7758,18.22,23.11,14.28,8.83,79.95,82.8,6.6031,2.8
2022-12-19,5.5853,18.36,24.36,12.59,11.77,77.03,56.97,6.8117,0.24
2022-12-20,5.3498,18.31,23.73,14.02,9.71,75.32,48.57,6.6307,0.0
2022-12-21,5.1818,17.96,24.32,11.9,12.42,77.78,50.85,6.6449,0.44
2022-12-22,5.3203,19.15,24.76,14.3,10.46,78.93,51.71,6.5532,0.3
2022-12-23,5.2318,19.03,23.74,15.66,8.08,80.41,52.9,6.6305,1.14
2022-12-24,5.1557,18.31,23.93,15.29,8.64,78.47,84.19,6.7068,1.15
2022-12-25,5.7163,17.85,23.76,12.88,10.88,75.14,46.45,6.791,4.08
2022-12-26,4.9397,17.35,22.4,13.57,8.83,75.08,77.96,6.6523,6.18
2022-12-27,5.5951,17.65,23.55,12.02,11.53,78.42,57.91,6.6998,0.33
2022-12-28,5.3388,18.23,22.81,15.39,7.42,86.86,47.54,6.6799,0.61
2022-12-29,5.2884,17.76,21.93,14.95,6.98,87.51,47.05,6.6293,0.5
2022-12-30,5.5006,18.78,24.16,14.29,9.87,83.69,41.67,6.6859,0.15
2022-12-31,3.9876,18.61,23.92,14.67,9.25,82.35,86.42,6.522,2.02
2023-01-01,4.3594,16.9,19.88,15.02,4.86,91.48,77.83,6.5988,5.39
2023-01-02,4.619,16.57,20.38,13.42,6.96,89.54,77.49,6.6674,6.31
2023-01-03,4.1158,16.58,21.44,13.51,7.93,87.72,90.35,6.7006,1.51
2023-01-04,4.26,16.78,21.97,12.53,9.44,87.7,86.65,6.6295,2.95
2023-01-05,3.7774,17.63,22.68,13.44,9.24,85.64,84.5,6.3912,1.06
2023-01-06,3.588,17.89,22.29,14.37,7.92,83.37,83.18,6.4529,4.78
2023-01-07,3.6874,17.54,21.53,14.55,6.98,86.59,95.81,6.4234,4.84
2023-01-08,2.9093,17.64,22.36,15.04,7.32,85.28,97.48,6.461,3.17
2023-01-09,4.1494,17.5,22.46,13.52,8.94,82.03,89.33,6.595,4.53
2023-01-10,3.4596,17.3,21.49,14.31,7.18,88.78,96.68,6.617,20.57
2023-01-11,4.0951,17.53,21.86,14.5,7.36,86.64,88.08,6.5798,28.9
2023-01-12,3.5186,17.89,22.98,13.9,9.08,80.09,95.86,6.4987,10.91
2023-01-13,4.7561,18.5,23.49,14.19,9.3,79.88,79.72,6.7169,4.61
2023-01-14,4.7467,18.05,22.86,14.65,8.21,86.68,90.86,6.8057,16.57
2023-01-15,4.8228,17.24,21.14,14.54,6.6,87.37,80.42,6.7109,14.04
2023-01-16,5.2428,17.92,22.49,14.64,7.85,86.58,59.12,6.8028,5.36
2023-01-17,4.6939,17.75,22.54,14.8,7.74,85.77,69.21,6.5686,2.26
2023-01-18,4.0966,17.35,22.22,13.26,8.96,82.05,72.86,6.7092,4.13
2023-01-19,4.7194,17.08,21.16,14.26,6.9,86.49,73.48,6.6598,15.76
2023-01-20,4.0286,17.16,21.08,14.37,6.71,86.21,88.28,6.8378,7.16
2023-01-21,4.8062,17.84,22.23,14.73,7.5,81.02,86.85,6.7992,8.94
2023-01-22,4.2684,17.66,23.01,13.81,9.2,79.33,87.17,6.8184,4.91
2023-01-23,3.7963,17.71,22.56,14.37,8.19,77.36,87.13,6.8762,1.02
2023-01-24,4.6154,17.6,23.07,12.93,10.14,78.22,70.33,6.9247,0.01
2023-01-25,5.9964,18.29,23.93,13.07,10.86,76.31,49.48,7.1158,0.0
2023-01-26,6.6902,18.13,24.34,13.2,11.14,69.83,37.34,7.2986,0.03
2023-01-27,6.6514,17.34,24.16,11.84,12.32,71.11,34.0,7.3178,0.01
2023-01-28,6.4061,17.06,24.68,10.09,14.59,69.2,26.79,7.2828,0.01
2023-01-29,6.4354,17.19,24.26,9.61,14.65,70.58,24.29,7.2158,0.62
2023-01-30,6.1128,18.14,24.4,12.89,11.51,75.97,44.73,7.1292,0.94
2023-01-31,6.1807,17.98,23.86,13.37,10.49,81.99,28.47,7.0469,0.02
2023-02-01,6.265,17.74,24.5,11.65,12.85,73.99,41.76,7.1748,0.0
2023-02-02,6.1013,17.71,24.58,10.98,13.6,73.44,43.47,7.182,0.43
2023-02-03,6.3098,17.83,24.68,11.07,13.61,73.22,41.42,7.1779,0.24
2023-02-04,5.3686,18.34,24.51,13.13,11.38,74.99,64.43,7.0298,0.01
2023-02-05,4.8487,17.97,24.16,13.02,11.14,77.25,51.46,6.8767,0.12
2023-02-06,4.6709,18.38,24.57,12.98,11.59,76.18,71.69,6.9326,0.03
2023-02-07,5.7449,18.77,24.77,13.25,11.52,75.29,56.69,7.1479,0.0
2023-02-08,5.9503,19.1,24.28,14.73,9.55,75.45,58.2,7.1683,0.88
2023-02-09,4.9193,19.3,24.34,15.45,8.89,79.7,77.69,7.0596,2.2
2023-02-10,5.6729,19.73,25.3,15.8,9.5,78.5,63.02,7.073,0.36
2023-02-11,5.4024,19.46,24.69,16.19,8.5,82.2,75.23,6.9845,1.19
2023-02-12,4.2763,19.25,25.23,14.93,10.3,79.77,92.22,7.0027,0.54
2023-02-13,4.9116,19.4,24.25,15.25,9.0,79.77,62.91,7.0078,0.87
2023-02-14,3.8213,19.81,24.57,15.87,8.7,79.72,81.75,6.8347,0.52
2023-02-15,4.8206,19.83,24.61,15.8,8.81,80.37,73.42,7.0363,1.91
2023-02-16,3.8522,19.02,23.66,16.23,7.43,84.91,86.35,7.001,10.85
2023-02-17,5.1197,19.08,23.68,15.54,8.14,82.77,75.85,7.1172,5.44
2023-02-18,3.959,16.92,19.62,14.92,4.7,83.24,89.51,7.2161,3.19
2023-02-19,5.1192,18.43,24.68,12.95,11.73,75.19,82.26,7.3589,2.58
2023-02-20,5.1197,18.33,24.02,13.14,10.88,78.16,89.9,7.2331,2.28
2023-02-21,3.8052,17.98,22.6,14.37,8.23,83.94,99.41,6.991,9.01
2023-02-22,3.4514,17.29,21.16,14.52,6.64,84.64,94.79,7.0157,3.2
2023-02-23,6.2806,18.53,24.7,12.87,11.83,76.95,36.41,7.1201,0.01
2023-02-24,6.1063,19.15,25.64,13.35,12.29,74.72,57.1,7.3224,0.0
2023-02-25,5.8848,19.34,25.6,14.1,11.5,74.76,49.85,7.4297,0.03
2023-02-26,5.5855,18.87,24.6,13.12,11.48,78.01,43.65,7.2106,0.01
2023-02-27,5.1518,19.65,24.83,15.12,9.71,78.19,63.33,6.9442,3.61
2023-02-28,5.7034,19.88,24.22,15.96,8.26,79.11,64.15,7.0032,4.52
2023-03-01,4.2994,19.05,22.64,16.16,6.48,85.21,95.31,7.0202,3.75
2023-03-02,3.895,20.04,26.01,15.13,10.88,79.71,93.13,7.0553,1.55
2023-03-03,4.0867,20.7,25.94,15.67,10.27,76.92,87.93,7.1256,0.39
2023-03-04,3.8155,19.54,22.55,16.22,6.33,82.77,94.42,7.1686,12.18
2023-03-05,3.5402,19.02,23.36,15.39,7.97,82.78,97.58,7.0867,4.51
2023-03-06,4.4858,18.65,22.91,15.26,7.65,85.37,94.27,7.1378,2.13
2023-03-07,4.5278,18.39,22.78,15.47,7.31,86.74,93.97,7.3138,5.16
2023-03-08,3.8098,17.98,21.52,15.71,5.81,87.09,95.52,7.223,4.61
2023-03-09,1.9572,16.92,19.53,15.08,4.45,92.98,99.73,7.375,9.09
2023-03-10,3.8249,17.77,22.75,14.09,8.66,87.85,92.53,7.1035,15.25
2023-03-11,1.5986,16.91,19.88,15.01,4.87,91.81,99.79,7.4407,19.12
2023-03-12,3.4042,17.56,22.0,14.26,7.74,88.51,97.89,7.2929,22.44
2023-03-13,2.8318,18.18,22.48,15.19,7.29,86.39,99.04,7.2557,12.11
2023-03-14,4.745,18.1,23.16,14.11,9.05,86.04,88.4,7.3469,7.73
2023-03-15,4.6207,17.87,21.94,15.24,6.7,86.14,83.58,7.3159,7.5
2023-03-16,4.7419,17.57,21.57,14.88,6.69,87.66,74.91,7.2876,1.17
2023-03-17,5.345,18.52,23.92,14.4,9.52,83.48,72.76,7.3548,0.95
2023-03-18,5.0693,17.87,21.3,14.73,6.57,87.32,82.25,7.2782,3.42
2023-03-19,5.1826,17.94,22.85,14.7,8.15,82.56,81.23,7.3502,1.46
2023-03-20,6.0358,18.17,23.65,14.11,9.54,83.9,66.34,7.2994,0.18
2023-03-21,5.9021,18.48,23.99,13.12,10.87,80.38,52.46,7.2936,0.0
2023-03-22,5.1262,19.42,24.83,15.62,9.21,79.08,90.67,6.9425,0.76
2023-03-23,3.5494,17.97,21.86,15.27,6.59,84.36,93.98,6.9528,2.29
2023-03-24,3.6132,19.01,24.27,15.15,9.12,81.93,96.64,7.0922,1.76
2023-03-25,3.1469,18.61,23.1,15.03,8.07,82.0,96.48,7.1071,3.54
2023-03-26,3.8921,18.7,23.21,15.31,7.9,82.75,85.13,6.9077,0.94
2023-03-27,4.1174,18.89,23.71,15.87,7.84,82.96,90.4,6.7207,6.88
2023-03-28,5.1086,19.02,24.48,14.64,9.84,81.81,86.28,7.0073,5.37
2023-03-29,2.1341,18.17,21.4,16.08,5.32,87.18,91.18,7.0841,3.31
2023-03-30,4.992,19.14,24.24,15.36,8.88,80.87,70.06,6.9398,0.54
2023-03-31,4.0087,19.79,24.88,15.25,9.63,79.33,87.9,6.7085,5.07
2023-04-01,4.1873,18.73,21.99,16.39,5.6,87.09,92.21,6.8482,32.55
2023-04-02,3.3142,19.1,23.79,15.09,8.7,79.19,98.98,7.1863,5.52
2023-04-03,5.945,19.85,25.57,14.81,10.76,78.45,67.06,7.4978,1.23
2023-04-04,4.541,19.51,24.57,16.01,8.56,83.71,93.23,7.3128,2.54
2023-04-05,5.1154,18.64,22.05,16.57,5.48,87.73,77.17,7.0752,4.72
2023-04-06,3.7526,17.8,20.36,15.91,4.45,89.64,91.19,7.4047,8.29
2023-04-07,4.241,18.2,21.71,16.08,5.63,87.31,84.05,7.0829,4.66
2023-04-08,4.2434,17.74,21.01,15.34,5.67,86.07,74.68,7.1645,9.25
2023-04-09,4.2994,18.21,23.56,13.77,9.79,82.19,83.92,7.302,2.32
2023-04-10,4.829,18.66,23.99,13.3,10.69,78.04,91.05,7.3903,1.91
2023-04-11,5.0544,19.04,24.97,13.89,11.08,80.98,90.13,7.3973,7.63
2023-04-12,3.8798,19.07,24.11,15.04,9.07,82.23,88.61,7.2665,3.81
2023-04-13,4.7129,19.45,24.79,15.13,9.66,79.22,95.07,6.9809,0.01
2023-04-14,4.2578,20.03,25.38,16.01,9.37,80.52,91.27,6.9602,0.19
2023-04-15,4.8331,19.47,24.12,15.63,8.49,82.95,76.81,6.8969,4.95
2023-04-16,2.6316,17.98,20.35,16.17,4.18,91.69,99.54,6.9715,22.5
2023-04-17,4.0783,18.6,23.34,15.51,7.83,86.72,94.95,7.0692,15.07
2023-04-18,4.8386,18.34,23.41,14.52,8.89,84.78,88.2,7.2214,6.49
2023-04-19,5.0479,18.59,23.07,14.32,8.75,86.84,61.41,6.9674,0.13
2023-04-20,3.3886,18.47,22.24,15.48,6.76,80.91,99.57,6.8122,6.38
2023-04-21,3.4243,18.32,21.85,15.5,6.35,83.34,99.91,6.7891,4.78
2023-04-22,3.2846,17.84,21.12,15.6,5.52,88.03,99.91,6.6538,6.19
2023-04-23,4.1952,17.99,22.16,14.87,7.29,86.0,99.4,7.0788,5.91
2023-04-24,4.2026,16.86,19.6,14.7,4.9,89.65,97.44,7.2602,12.05
2023-04-25,4.0102,17.99,22.83,13.46,9.37,83.4,96.15,7.2079,9.52
2023-04-26,3.6694,17.67,20.32,15.46,4.86,87.8,88.76,7.3416,3.84
2023-04-27,4.1143,18.89,23.99,14.27,9.72,81.89,89.06,7.2106,23.06
2023-04-28,4.8578,19.05,23.91,14.63,9.28,81.43,82.41,7.1018,6.82
2023-04-29,4.6243,18.99,23.64,15.51,8.13,81.29,96.73,7.1686,3.89
2023-04-30,3.8856,18.85,24.39,13.04,11.35,78.82,87.49,7.0697,1.8
2023-05-01,4.6298,18.9,24.2,13.56,10.64,80.1,78.62,7.2876,4.69
2023-05-02,4.5727,19.66,25.06,14.59,10.47,77.09,86.82,7.3162,3.3
2023-05-03,5.8565,19.2,24.87,14.25,10.62,78.44,55.99,7.2792,17.52
2023-05-04,6.3192,19.0,24.73,12.88,11.85,79.67,47.1,7.345,5.2
2023-05-05,4.6831,20.08,25.75,15.3,10.45,79.37,83.91,7.2722,0.04
2023-05-06,5.3422,20.01,25.45,15.62,9.83,76.47,84.16,7.2895,0.4
2023-05-07,6.4318,19.71,25.78,13.97,11.81,77.18,59.61,7.3709,0.08
2023-05-08,4.3063,19.67,25.21,13.88,11.33,78.14,89.52,6.8357,1.67
2023-05-09,5.4634,19.32,23.88,15.52,8.36,81.66,85.48,7.1321,8.1
2023-05-10,4.193,18.61,22.81,14.98,7.83,83.84,99.68,6.7394,6.82
2023-05-11,3.9948,18.98,22.42,16.14,6.28,85.01,96.47,7.0572,4.34
2023-05-12,5.3882,19.17,22.81,16.07,6.74,81.95,81.79,7.1155,0.76
2023-05-13,4.7539,19.72,24.25,16.3,7.95,81.19,96.18,7.0798,17.63
2023-05-14,4.5017,18.7,21.43,16.4,5.03,86.88,99.2,6.9974,6.85
2023-05-15,3.6238,19.12,23.98,15.37,8.61,80.51,99.38,6.8155,0.65
2023-05-16,5.1401,18.74,23.86,14.57,9.29,81.16,84.0,7.2221,10.12
2023-05-17,3.9542,19.49,24.77,14.76,10.01,80.03,87.16,7.1297,4.36
2023-05-18,6.1678,20.42,25.85,15.57,10.28,79.43,56.43,7.2264,0.05
2023-05-19,4.6142,19.85,25.07,16.07,9.0,83.28,98.96,6.996,0.62
2023-05-20,3.9077,19.98,24.91,15.33,9.58,81.35,99.13,6.9264,12.35
2023-05-21,3.8678,20.21,25.07,16.26,8.81,80.59,99.27,6.445,9.64
2023-05-22,4.0543,19.36,23.63,16.11,7.52,86.46,95.69,6.7212,9.0
2023-05-23,4.2259,18.91,22.63,15.66,6.97,83.74,93.9,7.1126,3.91
2023-05-24,4.6718,19.05,22.81,16.27,6.54,87.64,84.76,7.0054,10.05
2023-05-25,5.4127,18.35,21.89,15.83,6.06,87.21,79.63,7.0997,33.01
2023-05-26,2.2678,18.65,23.45,14.45,9.0,81.68,93.74,7.0613,13.55
2023-05-27,4.9661,18.62,23.29,13.8,9.49,81.97,88.44,7.0236,5.88
2023-05-28,4.4695,18.77,24.13,13.78,10.35,81.13,82.15,7.086,1.78
2023-05-29,5.4478,19.04,24.52,14.24,10.28,83.21,65.36,6.955,13.53
2023-05-30,4.2586,19.17,24.11,15.62,8.49,80.59,86.84,7.1011,5.52
2023-05-31,5.3431,18.61,23.81,14.12,9.69,82.2,81.69,7.1412,9.49
2023-06-01,4.1254,18.34,22.89,14.63,8.26,82.74,98.89,6.9288,5.2
2023-06-02,5.7185,17.65,23.16,13.64,9.52,80.61,86.01,7.0764,11.1
2023-06-03,6.3305,18.09,24.11,12.03,12.08,78.09,40.83,7.1402,0.46
2023-06-04,5.2421,18.3,23.88,12.71,11.17,77.78,84.59,6.8719,0.61
2023-06-05,4.3855,18.49,23.57,14.25,9.32,79.1,91.61,6.9516,3.47
2023-06-06,4.543,17.97,23.54,12.33,11.21,79.13,85.46,6.9096,1.59
2023-06-07,5.0494,18.22,23.41,13.01,10.4,81.59,69.17,7.0222,7.76
2023-06-08,4.7033,18.58,23.73,14.38,9.35,81.52,94.08,6.9228,13.51
2023-06-09,4.5461,18.84,24.38,13.3,11.08,77.74,85.08,6.985,3.13
2023-06-10,4.7453,19.03,24.45,14.56,9.89,78.43,66.91,7.0514,3.34
2023-06-11,3.2971,18.94,24.26,13.75,10.51,78.61,81.41,6.8798,19.58
2023-06-12,5.5483,19.01,24.4,14.11,10.29,76.69,66.58,7.0896,0.73
2023-06-13,5.7991,18.77,24.21,13.23,10.98,77.62,63.52,7.007,2.71
2023-06-14,3.6677,18.27,23.1,14.45,8.65,80.09,99.52,7.0294,15.3
2023-06-15,4.4669,17.69,22.94,13.29,9.65,78.81,92.92,6.9072,2.48
2023-06-16,4.0562,18.0,23.28,13.25,10.03,80.74,96.69,6.8431,2.53
2023-06-17,4.3738,17.96,23.37,14.09,9.28,80.04,93.75,6.847,1.33
2023-06-18,4.7213,17.48,23.15,13.38,9.77,80.43,85.07,7.0118,1.41
2023-06-19,6.0989,17.73,24.0,12.3,11.7,79.52,33.44,7.0829,0.11
2023-06-20,5.5752,18.64,24.73,13.29,11.44,79.54,60.93,7.0056,1.11
2023-06-21,4.8516,19.24,23.98,15.01,8.97,79.77,81.35,6.9247,10.09
2023-06-22,4.8982,19.35,23.84,15.1,8.74,79.56,91.67,6.678,11.39
2023-06-23,4.4489,19.61,24.26,15.96,8.3,77.08,97.19,6.8023,4.78
2023-06-24,4.7431,18.43,23.63,14.3,9.33,80.16,91.41,6.7805,4.25
2023-06-25,4.2715,17.55,22.09,12.91,9.18,79.35,96.77,6.9691,9.33
2023-06-26,4.141,18.03,23.56,12.76,10.8,78.48,97.67,6.8647,2.94
2023-06-27,4.4755,18.42,24.01,12.76,11.25,79.36,77.26,6.9437,7.32
2023-06-28,4.9042,18.75,24.14,12.93,11.21,78.62,86.18,6.9245,1.4
2023-06-29,5.6002,19.27,24.51,15.28,9.23,80.3,60.35,7.027,1.49
2023-06-30,4.644,18.18,23.62,13.68,9.94,80.53,98.67,6.7781,1.33
2023-07-01,4.6963,18.89,24.28,13.98,10.3,78.56,90.91,6.6785,10.95
2023-07-02,4.7431,18.36,22.64,14.3,8.34,81.77,87.15,6.7999,8.67
2023-07-03,4.0531,19.19,24.14,14.71,9.43,78.92,93.94,6.8155,10.71
2023-07-04,3.9127,18.88,23.09,14.86,8.23,80.59,89.93,6.7478,9.68
2023-07-05,4.1534,19.16,24.22,14.51,9.71,79.21,86.87,6.8388,9.57
2023-07-06,4.1539,19.3,24.54,14.69,9.85,78.98,97.09,6.8278,6.4
2023-07-07,2.9419,18.89,22.81,15.29,7.52,80.38,97.64,6.8074,11.34
2023-07-08,4.1602,18.58,23.4,14.95,8.45,79.76,94.57,6.9338,2.69
2023-07-09,4.7767,17.83,23.79,12.99,10.8,78.17,56.79,7.1153,1.77
2023-07-10,4.2629,18.59,24.24,12.32,11.92,76.8,78.94,7.0087,2.42
2023-07-11,4.9819,19.16,24.62,14.81,9.81,76.36,77.94,7.0147,0.13
2023-07-12,4.0538,18.29,23.75,12.17,11.58,77.49,89.66,7.0015,0.6
2023-07-13,6.0586,19.25,25.1,13.61,11.49,75.83,63.19,7.1333,7.82
2023-07-14,4.1398,19.34,24.49,15.66,8.83,78.44,96.56,6.9211,8.69
2023-07-15,5.1118,18.7,24.28,13.62,10.66,77.73,77.92,7.1021,0.3
2023-07-16,5.2644,18.89,24.44,14.44,10.0,77.16,79.78,6.9965,8.07
2023-07-17,4.6774,17.87,23.0,13.64,9.36,77.21,90.15,7.0922,5.71
2023-07-18,4.9692,17.46,23.41,12.81,10.6,78.18,71.46,7.1359,0.16
2023-07-19,4.7626,18.13,24.28,13.45,10.83,79.23,60.9,7.1026,2.73
2023-07-20,6.0979,17.95,24.04,12.89,11.15,78.94,57.51,7.2127,2.72
2023-07-21,4.0498,19.02,23.94,14.74,9.2,76.82,98.85,7.1798,5.29
2023-07-22,4.6807,18.86,23.8,14.74,9.06,78.26,87.05,6.9773,0.16
2023-07-23,4.6502,18.54,24.45,13.31,11.14,76.95,87.31,7.0486,2.24
2023-07-24,4.8238,18.72,24.29,13.81,10.48,79.78,66.26,7.0109,3.28
2023-07-25,4.8895,18.61,24.59,13.25,11.34,80.72,78.39,6.9418,2.48
2023-07-26,5.1067,19.05,24.16,14.46,9.7,82.27,85.98,7.0363,10.67
2023-07-27,4.8749,19.76,24.95,15.12,9.83,79.18,82.61,7.0128,6.44
2023-07-28,5.003,19.91,24.76,15.94,8.82,76.72,78.33,7.0889,3.43
2023-07-29,5.0921,19.64,25.14,15.01,10.13,77.67,80.14,7.0493,0.81
2023-07-30,4.0178,18.96,23.75,15.59,8.16,77.35,90.21,6.9113,3.55
2023-07-31,4.2478,18.22,23.32,14.84,8.48,77.75,93.69,6.8618,1.93
2023-08-01,3.953,17.51,23.4,13.24,10.16,77.03,86.88,7.0586,1.24
2023-08-02,3.9684,16.83,23.57,11.46,12.11,76.41,92.13,7.062,7.08
2023-08-03,5.2236,16.9,24.05,10.74,13.31,74.46,58.69,7.1755,1.17
2023-08-04,5.2913,17.53,24.45,11.59,12.86,75.98,49.7,7.2535,6.64
2023-08-05,5.4365,18.46,24.55,12.53,12.02,78.08,80.68,7.1911,4.2
2023-08-06,4.181,19.01,24.42,13.75,10.67,76.66,98.4,6.9,1.15
2023-08-07,4.4537,19.66,25.38,15.74,9.64,76.69,98.99,6.8731,2.59
2023-08-08,6.0883,18.98,25.75,14.17,11.58,74.84,67.71,7.2528,0.73
2023-08-09,4.0795,18.83,24.52,14.42,10.1,76.1,71.29,7.3241,1.21
2023-08-10,5.3479,18.4,25.41,11.43,13.98,74.12,89.06,7.1362,3.0
2023-08-11,4.4978,18.58,24.34,14.47,9.87,75.87,88.38,7.177,2.74
2023-08-12,4.7369,18.82,24.72,13.47,11.25,75.99,92.31,7.0754,4.0
2023-08-13,4.0666,19.01,24.29,14.44,9.85,74.14,99.14,7.0104,1.38
2023-08-14,5.525,18.9,24.95,13.54,11.41,74.01,63.93,7.2727,17.93
2023-08-15,4.6044,18.4,23.46,13.7,9.76,78.01,87.24,7.1203,4.54
2023-08-16,4.1676,18.76,24.63,13.04,11.59,78.04,84.04,7.1734,0.91
2023-08-17,5.5716,19.54,25.31,13.55,11.76,77.97,57.85,7.157,1.4
2023-08-18,4.5751,20.02,24.93,15.44,9.49,80.46,91.36,7.1215,2.93
2023-08-19,4.8418,20.48,25.55,16.01,9.54,81.13,77.46,7.1846,8.93
2023-08-20,4.0932,20.26,25.07,16.34,8.73,79.27,98.59,7.1244,6.08
2023-08-21,4.2482,19.82,24.67,15.97,8.7,82.42,91.27,7.0562,22.8
2023-08-22,3.7099,19.57,24.33,15.44,8.89,78.99,96.83,7.0889,4.61
2023-08-23,6.2854,19.48,25.6,13.58,12.02,74.51,88.84,7.2528,3.31
2023-08-24,4.6426,19.69,24.99,14.78,10.21,77.89,87.55,7.1489,8.85
2023-08-25,5.6184,19.58,25.07,15.04,10.03,78.28,73.59,7.308,9.56
2023-08-26,6.9182,19.18,25.61,14.29,11.32,75.0,46.18,7.4717,0.02
2023-08-27,6.174,18.14,25.41,11.86,13.55,69.76,64.47,7.4981,0.0
2023-08-28,5.9561,18.47,25.02,12.45,12.57,74.89,63.96,7.3135,0.15
2023-08-29,6.1094,18.73,25.79,12.62,13.17,74.03,44.25,7.4328,1.75
2023-08-30,5.5702,18.5,25.15,12.66,12.49,76.13,61.18,7.4616,0.86
2023-08-31,5.958,18.9,25.57,13.11,12.46,74.97,84.05,7.2924,0.0
2023-09-01,6.204,19.49,26.39,12.94,13.45,76.06,49.79,7.2329,1.81
2023-09-02,5.185,19.31,24.32,15.48,8.84,79.7,96.16,7.1194,8.68
2023-09-03,4.5506,19.63,25.64,14.27,11.37,78.56,84.99,7.2194,18.82
2023-09-04,4.9471,19.96,25.46,15.24,10.22,75.75,86.27,7.2866,3.68
2023-09-05,4.59,19.34,25.56,14.49,11.07,75.85,77.49,7.4016,3.08
2023-09-06,6.3094,19.22,25.66,14.23,11.43,74.65,58.69,7.3846,0.48
2023-09-07,4.6603,19.34,25.34,13.77,11.57,77.2,99.38,7.2281,9.11
2023-09-08,4.5617,19.78,25.79,13.5,12.29,75.64,78.86,7.0891,0.86
2023-09-09,4.2938,19.96,25.49,15.6,9.89,77.0,85.02,7.2278,0.67
2023-09-10,4.2794,19.5,25.31,15.19,10.12,76.21,98.09,7.2478,10.18
2023-09-11,5.9016,19.26,25.48,13.72,11.76,73.69,59.45,7.5086,0.58
2023-09-12,5.4763,19.52,24.96,13.16,11.8,74.26,49.63,7.4635,0.12
2023-09-13,5.2378,19.97,25.34,14.77,10.57,78.24,72.72,7.3846,0.06
2023-09-14,4.5756,19.39,25.23,14.59,10.64,75.84,91.93,7.4592,2.13
2023-09-15,5.1022,18.47,25.44,13.37,12.07,73.93,89.19,7.4844,0.55
2023-09-16,5.8495,18.93,25.99,11.72,14.27,75.66,70.7,7.4194,8.17
2023-09-17,3.4433,19.76,26.19,13.9,12.29,72.3,90.19,7.3006,1.17
2023-09-18,3.9062,19.6,25.84,13.9,11.94,72.73,71.41,7.1981,0.09
2023-09-19,4.5749,19.3,26.13,13.46,12.67,72.08,88.13,7.1333,0.06
2023-09-20,4.0901,19.01,25.93,13.34,12.59,71.25,78.12,7.4002,0.0
2023-09-21,6.0127,18.8,26.51,12.02,14.49,71.33,51.32,7.3742,0.0
2023-09-22,5.9328,20.14,26.35,14.33,12.02,68.06,67.0,7.3373,15.13
2023-09-23,6.0,19.37,22.65,16.65,6.0,81.12,75.66,7.3884,12.56
2023-09-24,4.8254,19.4,25.75,14.61,11.14,77.71,92.53,7.321,1.19
2023-09-25,5.3386,19.91,25.76,13.73,12.03,73.65,72.77,7.4527,0.25
2023-09-26,5.581,20.58,26.81,14.64,12.17,75.58,80.08,7.2792,0.56
2023-09-27,5.1516,20.54,26.05,15.43,10.62,77.62,70.76,7.3798,3.34
2023-09-28,4.5905,19.96,25.96,15.31,10.65,78.28,83.2,7.4256,18.02
2023-09-29,5.1986,20.58,25.47,16.54,8.93,77.37,67.0,7.3488,4.91
2023-09-30,5.9525,19.82,26.17,14.9,11.27,74.95,70.45,7.2086,13.2
2023-10-01,5.2798,19.99,26.32,14.26,12.06,73.69,81.65,7.3133,0.49
2023-10-02,6.1459,20.6,25.12,16.53,8.59,79.43,60.33,7.3925,5.75
2023-10-03,5.4521,19.72,25.09,16.32,8.77,78.93,90.18,7.309,15.89
2023-10-04,4.9008,19.99,26.07,13.38,12.69,75.19,97.19,7.1681,6.91
2023-10-05,5.1098,20.39,25.78,15.94,9.84,78.51,92.55,7.2372,6.24
2023-10-06,4.914,19.53,23.96,15.99,7.97,84.71,92.28,7.2619,7.21
2023-10-07,6.0108,20.02,24.75,15.98,8.77,82.37,72.35,7.3342,13.11
2023-10-08,4.7628,19.48,24.59,16.27,8.32,85.55,89.6,7.3183,15.79
2023-10-09,5.9419,20.04,25.95,14.17,11.78,78.55,72.07,7.3306,24.1
2023-10-10,5.3386,19.77,25.12,15.71,9.41,81.37,81.0,7.206,28.65
2023-10-11,5.2001,18.41,22.2,14.43,7.77,78.97,86.08,7.3133,0.43
2023-10-12,6.4171,19.66,26.03,12.56,13.47,74.69,52.88,7.4102,0.69
2023-10-13,5.2066,19.93,25.72,14.97,10.75,74.6,87.89,7.2122,2.67
2023-10-14,5.015,19.34,24.44,15.08,9.36,77.44,94.94,7.1789,2.34
2023-10-15,5.1562,18.38,23.56,14.08,9.48,77.27,83.47,7.2655,5.22
2023-10-16,5.0138,18.41,25.09,12.14,12.95,75.84,84.22,7.1954,1.23
2023-10-17,4.9896,19.14,24.02,13.57,10.45,77.15,75.55,7.1294,1.4
2023-10-18,5.0779,19.86,25.11,15.4,9.71,79.74,83.21,7.2617,3.58
2023-10-19,4.6171,19.98,25.18,14.72,10.46,76.48,91.6,7.0445,0.27
2023-10-20,3.5568,20.34,25.39,15.73,9.66,73.52,95.58,7.013,0.36
2023-10-21,4.4815,18.86,22.04,16.2,5.84,85.02,95.63,7.0661,2.84
2023-10-22,2.8111,19.28,23.7,15.6,8.1,80.86,99.33,6.8134,6.82
2023-10-23,5.4257,20.0,25.41,14.3,11.11,76.67,80.99,7.0922,7.41
2023-10-24,4.23,19.52,24.0,15.63,8.37,82.06,97.3,7.2007,12.75
2023-10-25,4.6094,19.33,24.74,14.46,10.28,81.06,92.89,7.0421,2.18
2023-10-26,4.0956,19.21,24.16,15.7,8.46,85.39,92.5,6.8861,4.24
2023-10-27,3.8064,18.15,22.2,15.49,6.71,87.81,96.63,6.9758,1.68
2023-10-28,4.0726,18.21,21.75,15.2,6.55,88.53,96.81,7.193,1.4
2023-10-29,4.7002,18.09,21.88,14.95,6.93,86.32,91.22,7.1302,1.67
2023-10-30,4.601,18.71,22.77,15.74,7.03,87.44,90.86,7.1143,2.98
2023-10-31,4.7609,18.73,23.0,15.01,7.99,87.26,90.77,6.9833,14.46
2023-11-01,4.2382,18.62,22.17,16.02,6.15,84.47,99.04,6.775,16.58
2023-11-02,4.1278,18.53,22.54,15.71,6.83,86.46,90.29,6.8695,11.79
2023-11-03,4.806,18.17,21.84,15.39,6.45,86.7,82.08,6.8736,10.52
2023-11-04,3.0041,18.77,23.53,15.32,8.21,84.62,94.82,6.774,7.99
2023-11-05,4.5444,18.33,22.09,15.28,6.81,84.64,83.47,6.7627,4.58
2023-11-06,3.6679,19.3,23.7,15.63,8.07,81.58,92.0,6.786,18.33
2023-11-07,4.5034,19.33,24.23,15.47,8.76,81.4,84.06,6.8222,4.59
2023-11-08,4.7052,19.54,24.71,14.73,9.98,79.37,87.9,6.8988,0.02
2023-11-09,5.2476,19.95,25.38,15.93,9.45,80.21,78.51,6.8933,7.6
2023-11-10,4.4837,20.27,25.13,16.25,8.88,76.85,92.71,6.7618,7.38
2023-11-11,4.7347,20.18,25.35,15.69,9.66,78.57,92.24,6.726,3.72
2023-11-12,3.8647,20.16,25.42,15.49,9.93,79.27,93.42,6.7013,4.06
2023-11-13,5.4619,20.39,25.52,15.93,9.59,79.37,69.81,6.8734,10.2
2023-11-14,4.5869,20.07,24.49,16.06,8.43,83.67,86.82,6.7663,5.66
2023-11-15,4.4599,19.28,23.59,15.89,7.7,82.46,92.65,6.811,4.21
2023-11-16,5.5519,19.64,25.42,15.27,10.15,74.02,55.45,6.7915,1.06
2023-11-17,5.7749,19.47,25.84,13.65,12.19,61.63,55.15,6.9782,4.33
2023-11-18,3.2258,18.57,22.52,15.0,7.52,85.66,92.83,6.7538,4.74
2023-11-19,3.8503,18.12,21.71,15.87,5.84,90.98,97.61,6.6398,10.49
2023-11-20,4.476,17.29,19.89,14.94,4.95,90.97,81.32,6.9254,5.51
2023-11-21,5.3297,18.32,22.17,15.28,6.89,86.99,86.28,6.9754,3.04
2023-11-22,4.9586,18.98,23.49,16.13,7.36,87.21,75.79,6.9442,3.37
2023-11-23,4.8766,19.2,23.81,15.61,8.2,84.83,69.1,6.8268,3.87
2023-11-24,4.1455,18.73,24.06,14.83,9.23,81.55,84.19,6.7774,15.04
2023-11-25,4.2816,18.67,23.96,14.1,9.86,79.35,86.61,6.6713,1.42
2023-11-26,4.9138,19.44,25.14,14.33,10.81,77.96,59.15,6.6137,0.0
2023-11-27,4.7578,19.98,25.46,15.42,10.04,76.49,81.02,6.7598,0.0
2023-11-28,4.6812,19.54,24.63,15.26,9.37,75.67,92.6,6.8376,0.08
2023-11-29,4.3963,19.24,25.26,13.28,11.98,76.77,81.41,6.8791,0.02
2023-11-30,4.7143,19.32,23.95,15.93,8.02,80.64,59.93,6.6679,0.0
2023-12-01,5.935,19.7,25.53,15.53,10.0,74.82,28.09,6.7975,0.0
2023-12-02,5.3844,19.49,25.24,13.31,11.93,73.0,36.61,6.8738,0.0
2023-12-03,5.5039,20.71,26.38,15.17,11.21,72.82,40.18,6.8129,0.0
2023-12-04,5.141,20.67,26.13,16.47,9.66,76.03,62.79,6.8376,0.05
2023-12-05,5.239,20.26,26.21,14.59,11.62,71.8,52.51,6.8453,0.11
2023-12-06,4.314,20.04,24.63,16.39,8.24,76.13,94.79,6.7764,0.97
2023-12-07,4.9567,18.69,22.45,15.24,7.21,79.51,67.23,6.6286,2.33
2023-12-08,5.2099,19.28,25.54,14.34,11.2,75.29,39.34,6.5347,1.29
2023-12-09,3.9871,19.72,25.19,14.72,10.47,78.19,68.97,6.5726,6.99
2023-12-10,4.3133,19.86,24.76,15.98,8.78,78.04,94.85,6.6058,5.02
2023-12-11,4.5466,20.2,25.95,15.76,10.19,76.13,64.62,6.6576,1.78
2023-12-12,5.5512,20.09,26.23,14.76,11.47,74.91,65.88,6.731,0.1
2023-12-13,5.609,20.41,26.56,14.34,12.22,73.69,60.82,6.6552,0.0
2023-12-14,4.7194,20.37,25.34,16.98,8.36,81.13,78.3,6.4865,0.23
2023-12-15,2.7002,18.73,21.64,16.47,5.17,86.97,98.69,6.4114,12.1
2023-12-16,3.5885,19.2,23.76,16.06,7.7,83.92,98.06,6.4236,13.93
2023-12-17,2.7876,19.03,23.27,16.24,7.03,88.49,98.26,6.5006,17.79
2023-12-18,4.1136,19.22,23.67,16.36,7.31,88.62,75.67,6.4925,11.3
2023-12-19,4.4916,19.39,24.27,16.01,8.26,86.63,82.21,6.5748,2.14
2023-12-20,4.3486,19.19,23.49,15.42,8.07,85.93,69.41,6.48,3.02
2023-12-21,5.0868,19.87,25.18,15.75,9.43,83.22,67.24,6.4951,0.68
2023-12-22,3.9223,20.66,26.12,15.38,10.74,76.41,91.32,6.5292,0.17
2023-12-23,4.703,19.73,22.87,17.41,5.46,85.91,85.58,6.4354,4.1
2023-12-24,4.3169,20.17,25.45,15.53,9.92,80.16,85.19,6.4834,4.4
2023-12-25,4.2374,18.54,21.06,16.08,4.98,84.38,96.88,6.4159,19.06
2023-12-26,2.8222,19.19,24.32,14.06,10.26,78.65,98.64,6.259,1.91
2023-12-27,3.8167,19.3,23.64,16.24,7.4,83.46,80.2,6.6031,5.53
2023-12-28,3.6749,19.04,23.4,16.03,7.37,86.42,88.13,6.6216,5.91
2023-12-29,4.4911,18.69,23.8,14.96,8.84,84.25,71.09,6.641,6.68
2023-12-30,4.02,18.2,22.66,15.24,7.42,86.65,78.03,6.606,4.32
2023-12-31,4.3025,18.18,21.78,15.6,6.18,89.46,89.24,6.5491,1.87
2024-01-01,4.614,19.41,24.64,15.02,9.62,83.4,87.9,6.6281,0.12
2024-01-02,4.998,19.68,24.97,15.37,9.6,76.92,91.22,6.7771,0.09
2024-01-03,5.3023,19.71,25.67,14.72,10.95,78.73,54.5,6.6314,0.11
2024-01-04,6.0274,19.87,25.89,14.81,11.08,76.6,34.83,6.8129,0.0
2024-01-05,5.7334,19.67,25.4,15.2,10.2,75.9,65.8,6.8645,0.0
2024-01-06,6.09,19.7,26.05,14.6,11.45,69.96,31.22,6.8014,0.0
2024-01-07,5.6998,19.25,25.99,12.77,13.22,70.91,31.89,6.7493,0.0
2024-01-08,5.9914,19.38,26.02,12.34,13.68,71.29,32.74,6.8086,0.0
2024-01-09,5.6585,19.51,26.2,13.21,12.99,69.72,38.53,6.7164,0.62
2024-01-10,5.357,19.87,26.25,12.99,13.26,71.31,49.85,6.8525,0.91
2024-01-11,5.3726,20.59,26.12,15.54,10.58,74.82,49.3,6.8702,2.37
2024-01-12,5.399,19.52,22.74,17.09,5.65,85.82,64.54,6.69,12.97
2024-01-13,4.2343,20.17,24.91,16.55,8.36,78.62,66.48,6.5906,0.25
2024-01-14,5.4958,20.15,26.52,15.33,11.19,71.5,49.4,6.8393,0.05
2024-01-15,6.2794,18.82,26.03,12.52,13.51,70.09,26.95,6.9612,0.0
2024-01-16,5.9827,18.22,25.81,12.01,13.8,70.94,32.84,6.9192,0.0
2024-01-17,5.7449,19.98,27.34,12.36,14.98,72.91,52.4,6.7865,0.0
2024-01-18,5.6887,20.91,26.59,16.28,10.31,73.02,58.08,6.7771,0.0
2024-01-19,6.0434,20.26,26.67,13.81,12.86,70.86,50.61,6.8364,0.01
2024-01-20,4.1664,20.66,26.45,16.46,9.99,72.24,86.21,6.6146,0.03
2024-01-21,4.3452,20.76,26.46,15.73,10.73,72.32,86.49,6.7454,0.41
2024-01-22,6.5695,20.38,26.91,16.2,10.71,70.01,30.04,6.9926,0.0
2024-01-23,7.1273,18.86,26.51,13.02,13.49,65.77,15.34,7.1959,0.0
2024-01-24,7.0807,19.24,27.14,11.76,15.38,67.53,15.55,7.1974,0.0
2024-01-25,6.8532,19.85,27.24,14.93,12.31,63.96,20.4,7.1254,0.0
2024-01-26,6.2182,19.67,27.52,12.78,14.74,62.97,33.26,7.1268,0.0
2024-01-27,6.0082,20.89,27.46,14.87,12.59,62.76,36.55,6.9775,0.0
2024-01-28,5.5126,21.71,27.5,16.3,11.2,67.63,48.64,6.7915,0.0
2024-01-29,5.5992,21.68,27.96,16.64,11.32,68.45,56.74,6.911,0.04
2024-01-30,5.2039,21.19,27.62,16.07,11.55,68.1,47.38,6.8194,0.41
2024-01-31,4.8833,21.01,26.34,16.12,10.22,71.69,59.38,6.8078,0.79
2024-02-01,4.194,21.38,26.62,16.92,9.7,74.83,86.5,6.4555,5.71
2024-02-02,2.8082,20.92,25.95,17.19,8.76,78.49,97.81,6.4262,8.2
2024-02-03,4.4626,19.42,23.21,17.11,6.1,87.2,90.75,6.5659,7.19
2024-02-04,3.6331,19.25,23.77,16.16,7.61,82.88,94.45,6.629,4.37
2024-02-05,3.4318,19.19,23.62,14.86,8.76,77.6,95.48,6.9581,9.75
2024-02-06,4.5425,19.96,24.7,15.87,8.83,78.18,85.65,7.1102,2.36
2024-02-07,4.4623,20.77,26.39,16.26,10.13,77.13,75.19,7.08,1.23
2024-02-08,3.1531,20.57,26.34,15.81,10.53,78.52,73.33,7.127,3.66
2024-02-09,3.8671,20.93,27.38,14.81,12.57,75.76,74.47,7.0246,2.49
2024-02-10,4.6505,21.31,27.52,16.33,11.19,72.36,65.81,7.2223,2.27
2024-02-11,5.8786,20.97,26.97,16.1,10.87,70.47,44.07,7.2564,0.26
2024-02-12,6.0216,21.21,27.06,15.7,11.36,69.42,44.46,7.3411,0.0
2024-02-13,5.6158,21.41,27.91,16.15,11.76,67.14,63.47,7.2722,0.74
2024-02-14,4.6882,21.21,27.53,16.51,11.02,70.58,70.35,6.9389,0.33
2024-02-15,5.064,21.67,27.18,16.72,10.46,70.93,60.04,6.9715,0.41
2024-02-16,4.8259,21.28,26.88,17.36,9.52,75.87,72.7,7.1419,4.58
2024-02-17,5.2214,21.28,27.37,16.52,10.85,74.74,82.89,7.0267,2.09
2024-02-18,6.1862,21.84,28.59,16.54,12.05,70.41,36.17,7.2043,2.26
2024-02-19,5.9066,21.27,28.88,14.86,14.02,68.32,61.47,7.3176,0.58
2024-02-20,6.4313,21.11,27.55,15.95,11.6,72.12,39.61,7.2463,0.1
2024-02-21,5.7838,20.26,25.06,16.73,8.33,75.71,71.58,7.0949,0.54
2024-02-22,4.1774,19.37,23.46,16.25,7.21,78.29,86.92,7.2374,0.18
2024-02-23,5.9899,20.53,26.81,15.13,11.68,71.45,48.88,7.3342,0.0
2024-02-24,5.5634,20.15,25.34,16.71,8.63,73.71,66.04,7.1659,1.11
2024-02-25,5.1446,19.43,24.14,15.44,8.7,71.21,78.5,7.0205,0.66
2024-02-26,5.2658,20.97,26.87,16.61,10.26,70.05,55.9,6.8534,0.75
2024-02-27,5.2315,20.59,25.91,16.37,9.54,77.44,59.52,7.0078,3.65
2024-02-28,4.8876,21.41,27.04,16.89,10.15,74.88,73.4,7.0421,1.28
2024-02-29,4.8379,21.19,26.65,17.13,9.52,71.85,82.05,7.181,1.0
2024-03-01,4.8847,20.65,26.77,15.26,11.51,65.2,79.95,7.0099,1.55
2024-03-02,5.413,20.8,26.16,16.38,9.78,71.65,68.84,7.0757,3.21
2024-03-03,4.4359,20.57,25.12,16.71,8.41,75.67,84.88,6.9617,1.73
2024-03-04,4.1282,21.28,27.19,17.19,10.0,73.89,73.98,7.0018,0.6
2024-03-05,4.5084,22.08,27.83,17.25,10.58,70.18,73.77,6.8287,0.0
2024-03-06,4.9502,22.44,28.67,17.28,11.39,68.01,58.01,6.7819,0.0
2024-03-07,4.668,22.62,28.99,17.34,11.65,68.75,54.79,6.545,1.61
2024-03-08,4.2022,22.03,27.57,18.02,9.55,72.84,63.58,6.5998,3.44
2024-03-09,3.0509,21.99,27.76,17.16,10.6,70.83,93.63,6.6797,5.26
2024-03-10,5.425,22.02,28.51,16.83,11.68,69.78,63.2,7.0558,3.38
2024-03-11,4.1323,22.27,28.85,16.16,12.69,69.0,94.71,6.9259,4.24
2024-03-12,4.1261,21.98,28.14,16.91,11.23,69.7,94.2,6.7973,2.32
2024-03-13,5.1881,22.45,28.93,16.88,12.05,67.06,79.92,6.6727,0.54
2024-03-14,3.7982,22.75,29.09,17.47,11.62,66.29,87.37,6.6115,0.18
2024-03-15,4.6483,22.66,29.36,16.86,12.5,66.3,79.24,6.8083,1.43
2024-03-16,5.2157,22.88,28.86,17.34,11.52,67.25,65.86,6.6158,0.54
2024-03-17,4.6356,22.3,28.6,17.86,10.74,66.16,62.08,6.589,0.35
2024-03-18,5.0196,22.32,29.21,16.24,12.97,66.0,78.29,6.8369,1.64
2024-03-19,3.5921,21.99,27.21,17.71,9.5,70.86,97.34,6.7416,3.03
2024-03-20,5.1259,21.88,28.46,17.22,11.24,69.81,80.82,6.8714,0.26
2024-03-21,4.8706,19.78,22.65,17.98,4.67,86.16,87.0,7.176,5.81
2024-03-22,5.3129,22.12,28.66,17.39,11.27,70.99,77.11,7.0435,1.83
2024-03-23,4.2883,20.46,25.02,16.46,8.56,70.13,97.45,6.9773,0.37
2024-03-24,5.5296,20.49,24.86,16.74,8.12,76.11,75.71,7.0632,1.91
2024-03-25,5.2289,20.38,24.13,16.57,7.56,79.4,87.44,7.0598,2.82
2024-03-26,5.0657,19.88,24.35,16.79,7.56,79.37,72.31,7.0241,1.84
2024-03-27,3.8614,19.68,23.86,15.78,8.08,75.49,97.14,6.5254,1.56
2024-03-28,4.8283,20.12,25.08,16.05,9.03,76.27,88.13,6.673,1.79
2024-03-29,4.2017,19.64,23.26,16.43,6.83,81.75,90.8,6.8309,13.43
2024-03-30,2.927,20.56,26.3,15.36,10.94,74.38,98.88,6.1855,7.6
2024-03-31,3.3379,19.97,25.22,16.42,8.8,76.2,94.95,6.3638,5.81
2024-04-01,4.259,20.64,26.65,15.24,11.41,76.19,91.47,6.5174,11.11
2024-04-02,3.198,20.0,24.55,16.39,8.16,81.17,99.14,6.3626,8.34
2024-04-03,3.2645,20.22,25.03,16.94,8.09,82.75,96.25,6.5023,8.58
2024-04-04,3.0418,20.07,24.32,16.21,8.11,76.25,97.48,7.1546,7.77
2024-04-05,5.2997,19.96,25.81,14.4,11.41,72.52,75.18,7.0778,9.32
2024-04-06,4.3289,20.22,25.66,15.61,10.05,75.77,68.33,7.2859,4.55
2024-04-07,5.9165,20.56,26.8,14.11,12.69,71.75,73.51,7.1563,4.36
2024-04-08,4.1254,21.12,27.13,16.33,10.8,72.32,86.31,7.0265,3.9
2024-04-09,5.7125,20.95,26.74,16.71,10.03,69.92,86.75,7.0613,0.96
2024-04-10,6.5724,20.8,27.77,14.29,13.48,65.49,35.9,7.285,0.0
2024-04-11,5.8073,21.35,28.44,14.65,13.79,60.87,80.74,7.2816,0.01
2024-04-12,6.1109,22.23,28.77,15.96,12.81,64.35,53.49,7.2206,0.0
2024-04-13,5.9472,23.0,29.16,18.25,10.91,65.53,63.92,7.0459,0.1
2024-04-14,5.0261,22.77,29.24,17.79,11.45,62.98,88.25,7.1227,0.21
2024-04-15,5.6311,22.46,28.6,17.46,11.14,67.52,66.27,7.117,5.31
2024-04-16,5.8452,21.95,28.4,16.71,11.69,68.43,70.1,7.0123,2.83
2024-04-17,3.3317,21.39,26.62,17.12,9.5,72.2,99.16,6.012,3.19
2024-04-18,3.8006,20.41,25.71,16.27,9.44,79.96,95.85,6.2928,18.94
2024-04-19,4.3402,19.79,24.25,16.58,7.67,83.99,98.2,6.8676,19.4
2024-04-20,4.8518,19.99,24.67,17.06,7.61,84.6,87.51,7.3337,6.32
2024-04-21,4.1952,19.54,23.03,17.04,5.99,86.66,90.1,7.3752,12.33
2024-04-22,2.155,18.72,21.79,16.57,5.22,89.5,98.84,7.1131,10.99
2024-04-23,4.7722,20.23,25.35,15.24,10.11,79.56,90.42,7.2158,6.77
2024-04-24,5.3815,20.38,25.53,16.74,8.79,77.09,88.14,7.3478,13.21
2024-04-25,4.4969,20.08,25.93,15.21,10.72,76.78,91.77,7.1292,6.46
2024-04-26,4.4818,19.55,24.58,15.47,9.11,82.65,91.8,7.3094,17.27
2024-04-27,4.8598,19.53,23.39,16.78,6.61,85.67,89.55,7.2437,7.3
2024-04-28,3.5131,18.68,21.16,16.95,4.21,91.66,92.2,7.3154,19.79
2024-04-29,4.2677,19.35,23.62,15.89,7.73,85.94,82.91,7.2358,9.63
2024-04-30,5.239,20.28,24.6,16.64,7.96,81.76,80.03,7.3145,4.39
2024-05-01,3.8621,20.46,25.01,17.47,7.54,83.04,91.25,7.2509,5.49
2024-05-02,4.4614,20.62,25.51,17.48,8.03,83.79,89.68,7.0781,1.49
2024-05-03,3.7255,19.73,22.62,17.14,5.48,87.39,94.37,7.0663,8.94
2024-05-04,3.2942,20.21,25.1,17.03,8.07,82.7,96.83,7.0711,19.45
2024-05-05,4.1275,19.24,23.36,15.86,7.5,84.32,92.4,7.0442,17.49
2024-05-06,4.9152,19.69,23.31,16.85,6.46,84.84,82.93,7.1362,3.49
2024-05-07,5.2318,21.12,26.51,16.96,9.55,78.31,77.26,7.026,15.54
2024-05-08,3.8784,19.56,22.6,17.18,5.42,87.02,98.59,6.8422,35.4
2024-05-09,2.0268,19.36,23.75,15.24,8.51,83.64,99.64,7.1275,20.66
2024-05-10,4.6702,19.18,23.04,15.92,7.12,84.54,92.34,7.0423,3.59
2024-05-11,4.6219,19.94,24.79,15.82,8.97,81.24,83.9,6.9115,14.44
2024-05-12,4.3229,19.85,25.0,15.56,9.44,83.47,91.96,7.1434,24.03
2024-05-13,5.9645,20.58,24.78,17.11,7.67,80.08,69.04,7.1201,18.26
2024-05-14,3.9874,19.67,25.07,14.65,10.42,80.31,99.35,6.9626,7.09
2024-05-15,4.3464,19.74,24.38,15.81,8.57,81.95,91.32,6.8218,12.4
2024-05-16,2.6285,19.03,23.23,16.37,6.86,86.73,99.13,6.8023,15.24
2024-05-17,4.7981,19.74,24.92,15.2,9.72,80.86,81.73,6.816,0.79
2024-05-18,3.9329,20.23,25.68,16.19,9.49,79.35,86.14,6.9538,10.95
2024-05-19,4.9999,19.78,25.3,15.05,10.25,82.28,67.65,6.7447,2.26
2024-05-20,4.4484,19.75,24.1,16.08,8.02,84.06,95.31,6.8647,10.91
2024-05-21,4.1854,19.15,22.75,15.73,7.02,81.56,91.71,6.9967,5.87
2024-05-22,4.8456,19.66,25.33,14.84,10.49,77.02,76.28,6.9698,2.87
2024-05-23,4.4143,20.05,25.11,15.02,10.09,80.95,90.28,6.8834,3.96
2024-05-24,4.8216,20.57,25.5,16.53,8.97,80.18,69.64,6.9362,4.23
2024-05-25,2.1408,19.46,24.0,15.36,8.64,84.07,97.62,7.1309,32.35
2024-05-26,5.1067,18.94,22.58,16.27,6.31,86.54,79.6,6.9043,6.68
2024-05-27,4.7162,19.29,24.2,15.25,8.95,81.16,98.17,7.0862,3.21
2024-05-28,4.8173,19.26,24.41,14.52,9.89,81.12,82.95,6.9636,2.02
2024-05-29,3.7198,19.06,23.23,15.86,7.37,82.9,98.45,6.9924,54.0
2024-05-30,4.4054,19.13,23.67,14.99,8.68,83.02,89.43,6.822,6.26
2024-05-31,4.4654,19.48,23.34,16.14,7.2,81.18,83.79,6.9302,2.47
2024-06-01,5.8481,19.82,24.96,15.0,9.96,79.23,67.35,7.11,0.95
2024-06-02,6.2134,20.06,24.88,15.75,9.13,81.05,52.84,7.056,3.34
2024-06-03,4.9918,19.59,24.36,15.89,8.47,82.21,87.9,6.913,17.53
2024-06-04,4.0488,18.88,22.1,15.94,6.16,84.35,93.04,6.7423,14.72
2024-06-05,4.1813,19.08,23.96,14.88,9.08,80.95,97.06,6.7582,0.83
2024-06-06,4.17,19.28,24.67,14.37,10.3,79.34,87.37,6.9322,0.51
2024-06-07,4.3056,19.17,24.32,13.77,10.55,81.14,94.27,6.7049,7.99
2024-06-08,4.4755,19.4,24.27,15.45,8.82,79.15,92.81,6.9206,4.96
2024-06-09,4.2374,19.09,23.38,15.0,8.38,83.33,94.03,6.8369,8.64
2024-06-10,4.7501,19.42,24.08,15.51,8.57,82.22,94.87,6.7572,11.63
2024-06-11,3.2112,19.35,24.64,15.35,9.29,79.19,99.19,6.7476,7.93
2024-06-12,4.3632,18.86,23.84,14.53,9.31,80.99,84.91,6.8914,7.34
2024-06-13,4.6303,18.84,24.01,14.38,9.63,82.94,82.28,6.8266,3.77
2024-06-14,3.9158,19.54,24.72,15.07,9.65,81.54,97.46,6.7987,13.54
2024-06-15,4.1342,18.99,23.44,14.87,8.57,84.29,98.62,6.5755,32.95
2024-06-16,3.8057,18.86,23.54,15.99,7.55,82.13,93.18,6.7975,6.43
2024-06-17,4.9332,18.99,24.31,12.99,11.32,79.2,88.53,6.876,0.64
2024-06-18,4.6133,18.97,24.47,15.49,8.98,85.23,90.44,6.7663,11.61
2024-06-19,3.9506,18.79,22.73,16.28,6.45,86.53,93.28,6.7997,16.95
2024-06-20,4.1717,19.21,24.09,15.45,8.64,80.79,90.62,6.709,11.88
2024-06-21,4.4011,18.12,22.37,14.39,7.98,81.65,82.53,6.6658,5.21
2024-06-22,4.4086,18.47,24.48,12.36,12.12,79.42,89.09,6.7598,3.52
2024-06-23,3.4534,19.13,23.78,15.35,8.43,80.23,98.28,6.9482,5.61
2024-06-24,4.3973,18.75,23.49,14.21,9.28,82.02,89.35,6.8186,9.39
2024-06-25,4.9145,18.65,22.84,14.85,7.99,80.32,76.57,6.8074,8.19
2024-06-26,4.3639,18.06,23.6,13.48,10.12,80.03,86.95,6.9538,5.57
2024-06-27,4.4813,18.08,23.35,12.58,10.77,81.61,84.96,6.9854,7.94
2024-06-28,2.9858,18.64,23.14,15.27,7.87,86.37,96.33,6.7039,8.24
2024-06-29,5.3633,18.94,23.21,15.27,7.94,82.54,73.06,6.822,6.39
2024-06-30,4.7086,19.5,24.78,14.67,10.11,76.8,82.36,6.8398,3.76
2024-07-01,5.3371,19.2,24.32,14.62,9.7,78.87,79.15,6.8568,1.9
2024-07-02,5.0954,18.47,23.07,14.12,8.95,83.38,79.13,6.8746,19.78
2024-07-03,5.0328,18.82,23.89,14.79,9.1,81.25,82.29,6.953,4.74
2024-07-04,4.5533,18.94,23.5,14.8,8.7,82.56,94.74,6.7812,13.59
2024-07-05,2.5826,18.64,22.85,15.65,7.2,83.47,99.79,6.7944,16.01
2024-07-06,5.0014,18.47,22.93,15.06,7.87,81.34,82.66,6.8342,7.23
2024-07-07,4.8377,17.91,22.98,14.06,8.92,81.53,77.58,6.936,5.72
2024-07-08,6.0552,17.95,23.71,11.93,11.78,77.9,51.41,7.08,1.67
2024-07-09,5.0909,18.63,23.09,14.5,8.59,79.58,89.2,6.9437,2.91
2024-07-10,5.5368,19.44,24.51,14.16,10.35,77.83,69.22,6.9139,0.11
2024-07-11,5.0508,20.11,24.85,15.78,9.07,76.22,80.88,6.8002,0.46
2024-07-12,3.9026,19.18,23.61,16.26,7.35,82.58,92.05,6.7678,3.81
2024-07-13,4.5458,17.97,23.24,13.75,9.49,80.9,80.25,7.0442,1.15
2024-07-14,5.4559,17.79,23.4,12.22,11.18,79.67,64.55,7.0493,4.11
2024-07-15,5.3016,18.62,24.3,13.28,11.02,79.51,79.58,7.0018,12.32
2024-07-16,5.1454,18.76,24.2,15.25,8.95,82.22,71.34,6.9569,1.93
2024-07-17,4.626,18.06,23.48,14.06,9.42,81.68,96.39,6.7958,1.37
2024-07-18,4.4954,17.54,22.73,13.15,9.58,82.71,97.88,6.7126,0.41
2024-07-19,4.5574,17.97,23.09,12.83,10.26,80.56,93.42,6.8258,0.04
2024-07-20,4.4309,18.77,24.18,13.73,10.45,77.23,80.26,6.8815,0.0
2024-07-21,4.9166,18.7,23.75,13.75,10.0,80.02,80.89,6.9341,5.16
2024-07-22,4.6058,18.76,24.04,13.2,10.84,81.73,70.24,6.7574,3.73
2024-07-23,4.6493,18.99,24.69,14.14,10.55,82.17,66.45,6.8102,3.36
2024-07-24,4.9354,19.09,23.71,14.88,8.83,81.58,78.42,6.8575,4.59
2024-07-25,4.0315,19.38,24.18,15.03,9.15,77.8,86.91,6.8378,0.5
2024-07-26,4.0318,19.27,24.75,14.48,10.27,79.51,98.35,6.8016,0.5
2024-07-27,4.5432,19.35,24.48,15.6,8.88,80.56,88.55,6.8383,2.56
2024-07-28,4.0344,19.51,24.35,15.83,8.52,77.97,81.39,6.8544,1.75
2024-07-29,5.8615,19.15,24.91,14.45,10.46,77.35,64.98,7.0258,3.55
2024-07-30,4.2036,18.64,23.22,14.7,8.52,78.32,96.8,6.7862,2.89
2024-07-31,4.5888,18.07,23.8,13.04,10.76,78.02,75.1,7.0435,0.89
2024-08-01,5.0702,18.18,23.49,13.85,9.64,76.92,89.52,6.9646,0.14
2024-08-02,6.371,18.89,25.26,13.17,12.09,75.29,56.32,7.153,0.11
2024-08-03,4.206,19.37,24.71,15.23,9.48,79.61,76.3,6.973,2.14
2024-08-04,4.9498,19.35,24.8,14.84,9.96,77.3,80.08,7.1426,4.3
2024-08-05,4.0663,18.9,24.47,13.77,10.7,79.41,95.8,6.9473,3.63
2024-08-06,4.4088,19.27,23.85,14.59,9.26,79.04,93.73,7.0025,1.93
2024-08-07,5.7802,19.35,23.96,15.92,8.04,78.69,69.61,7.0133,3.15
2024-08-08,4.0205,19.26,24.46,14.41,10.05,77.34,80.72,6.9646,10.94
2024-08-09,3.8887,19.39,24.45,14.98,9.47,75.72,95.46,7.1114,4.08
2024-08-10,3.4596,18.52,23.41,14.71,8.7,77.08,95.74,7.0006,7.19
2024-08-11,5.5174,18.57,23.6,13.72,9.88,77.95,78.21,6.9802,3.06
2024-08-12,5.1487,18.92,24.65,13.27,11.38,75.48,70.18,7.0133,2.47
2024-08-13,4.5972,18.52,23.14,15.27,7.87,76.14,85.17,7.0174,1.29
2024-08-14,4.4585,18.65,24.62,12.96,11.66,75.08,68.59,6.6826,0.01
2024-08-15,6.2119,19.3,25.66,13.31,12.35,74.55,54.52,6.9173,0.01
2024-08-16,5.3734,19.56,25.6,14.31,11.29,74.85,74.22,7.0841,0.18
2024-08-17,6.4579,18.54,25.33,13.43,11.9,73.1,61.19,7.265,0.0
2024-08-18,5.8742,17.93,25.18,11.05,14.13,73.94,35.02,7.1678,0.0
2024-08-19,4.5924,18.72,25.51,12.43,13.08,75.04,84.91,7.1698,0.0
2024-08-20,4.835,19.24,25.86,13.18,12.68,75.8,70.76,7.146,0.02
2024-08-21,5.5082,19.51,25.78,13.81,11.97,75.53,86.04,7.2041,0.37
2024-08-22,5.2882,19.84,25.96,14.28,11.68,77.22,88.57,7.117,0.39
2024-08-23,3.4692,20.29,25.51,16.13,9.38,77.62,82.36,7.1988,3.51
2024-08-24,5.4586,20.31,26.01,15.83,10.18,74.41,76.16,7.3418,2.16
2024-08-25,3.9161,19.02,25.04,13.51,11.53,77.69,93.94,7.2982,2.41
2024-08-26,4.14,18.51,24.57,13.89,10.68,73.16,82.5,6.971,0.46
2024-08-27,5.1149,18.63,25.43,12.42,13.01,73.27,78.17,7.2067,0.75
2024-08-28,5.2483,18.26,24.59,12.83,11.76,75.44,74.85,7.267,2.81
2024-08-29,5.1062,18.14,24.7,13.55,11.15,75.5,73.03,7.0644,1.58
2024-08-30,6.3787,18.24,24.97,12.31,12.66,71.02,36.9,7.1923,0.0
2024-08-31,6.1006,18.78,25.28,12.48,12.8,73.15,54.02,7.0646,0.53
2024-09-01,4.2977,18.96,24.59,14.16,10.43,74.93,85.45,6.8347,4.67
2024-09-02,4.7902,18.72,25.04,13.05,11.99,73.13,66.13,6.7315,0.57
2024-09-03,5.557,19.1,25.42,11.8,13.62,71.77,83.81,6.8494,0.23
2024-09-04,5.2534,20.04,25.9,14.93,10.97,71.84,71.62,6.6948,0.18
2024-09-05,4.6524,19.79,26.04,14.26,11.78,72.42,87.91,6.7944,0.12
2024-09-06,5.0993,20.03,26.43,14.17,12.26,74.68,76.02,7.051,0.56
2024-09-07,4.8326,19.73,25.71,14.49,11.22,71.75,83.99,6.8954,0.09
2024-09-08,3.6871,19.32,25.98,14.18,11.8,71.13,70.94,6.5292,0.01
2024-09-09,5.7581,19.67,26.79,14.24,12.55,70.24,87.18,7.0906,0.37
2024-09-10,4.6349,19.68,25.98,14.18,11.8,72.54,82.24,7.2751,0.78
2024-09-11,5.2061,19.93,26.68,13.26,13.42,71.56,80.29,7.1035,0.3
2024-09-12,4.4064,20.64,26.24,15.85,10.39,73.72,95.8,6.9938,12.0
2024-09-13,5.2694,20.44,26.33,14.91,11.42,71.56,93.11,7.0481,2.12
2024-09-14,5.7226,20.85,26.24,15.92,10.32,71.65,61.95,7.2348,0.08
2024-09-15,6.5765,20.91,27.34,15.03,12.31,69.96,50.64,7.548,0.01
2024-09-16,5.5937,20.87,26.48,15.86,10.62,72.47,74.58,7.3318,2.83
2024-09-17,5.2814,19.85,25.21,15.16,10.05,69.39,87.19,7.1837,1.87
2024-09-18,6.3065,19.89,27.27,13.57,13.7,66.22,67.24,7.2854,2.91
2024-09-19,5.753,20.4,26.96,14.99,11.97,69.66,81.38,7.1779,4.39
2024-09-20,4.5737,20.12,26.29,14.79,11.5,70.5,91.95,6.9353,2.0
2024-09-21,4.7443,20.35,25.82,15.56,10.26,74.25,84.75,7.2418,4.53
2024-09-22,4.7923,20.13,25.82,15.02,10.8,74.82,74.54,7.4071,11.79
2024-09-23,5.5562,19.94,25.87,15.13,10.74,73.69,76.47,7.4647,8.61
2024-09-24,5.6676,20.13,26.81,14.31,12.5,69.47,57.95,7.3534,0.25
2024-09-25,4.8182,20.03,25.93,14.35,11.58,73.09,92.15,7.2766,0.23
2024-09-26,4.0711,19.55,24.45,16.24,8.21,79.31,97.82,7.3094,1.51
2024-09-27,4.6666,19.83,25.86,15.44,10.42,76.68,90.59,7.2775,0.96
2024-09-28,3.5621,18.11,22.95,15.15,7.8,81.76,97.36,7.2446,10.98
2024-09-29,3.4884,17.87,21.22,15.53,5.69,87.54,99.35,7.2204,8.57
2024-09-30,4.1688,18.15,22.59,14.87,7.72,78.7,85.99,7.2173,2.47
2024-10-01,5.8918,19.24,25.85,14.09,11.76,73.32,48.78,7.4174,1.64
2024-10-02,4.9277,19.27,24.78,15.03,9.75,78.74,75.6,7.2751,5.24
2024-10-03,5.9938,20.31,26.45,14.81,11.64,75.81,71.09,7.5197,0.28
2024-10-04,4.5053,19.48,24.17,16.61,7.56,81.68,90.89,7.3843,7.25
2024-10-05,6.0228,19.35,24.14,15.44,8.7,79.79,81.35,7.4477,9.31
2024-10-06,5.7221,18.37,21.68,16.01,5.67,82.2,85.55,7.3162,8.72
2024-10-07,5.5901,18.09,21.58,14.7,6.88,84.38,86.77,7.3176,4.75
2024-10-08,3.917,18.47,23.75,15.78,7.97,86.95,96.49,7.374,12.99
2024-10-09,4.9951,18.41,22.09,15.8,6.29,89.04,92.28,7.3956,11.95
2024-10-10,3.6862,19.28,24.95,14.32,10.63,76.62,95.22,7.3946,4.03
2024-10-11,6.5328,19.63,26.64,13.31,13.33,72.26,46.98,7.399,0.1
2024-10-12,5.1542,19.21,25.77,13.71,12.06,74.06,74.6,7.3685,4.35
2024-10-13,5.9522,18.71,25.42,13.33,12.09,71.1,73.85,7.302,0.83
2024-10-14,5.1902,18.67,25.92,12.45,13.47,71.14,84.46,7.2828,0.25
2024-10-15,4.949,19.01,25.33,13.38,11.95,74.16,96.25,7.2187,3.52
2024-10-16,6.0749,19.81,24.58,15.81,8.77,74.72,69.13,7.1858,1.33
2024-10-17,6.4234,20.48,26.84,15.97,10.87,71.25,63.9,7.3795,0.28
2024-10-18,6.1078,20.4,26.68,14.1,12.58,72.33,64.67,7.235,1.84
2024-10-19,4.495,19.84,24.74,16.21,8.53,80.56,93.33,7.1148,12.06
2024-10-20,5.9148,18.9,23.41,16.19,7.22,86.1,74.26,7.2341,11.38
2024-10-21,5.5579,19.5,24.84,15.85,8.99,85.34,82.18,7.2624,8.33
2024-10-22,5.0078,19.19,23.5,16.49,7.01,87.25,84.58,7.2377,21.56
2024-10-23,5.0998,19.82,25.05,15.93,9.12,79.01,84.43,7.0704,9.52
2024-10-24,4.847,19.94,25.84,15.29,10.55,76.58,67.21,7.0495,2.25
2024-10-25,6.4291,20.43,26.71,14.13,12.58,73.3,66.99,7.2331,0.68
2024-10-26,4.8802,21.05,26.46,16.78,9.68,77.26,99.22,7.1131,12.87
2024-10-27,3.7886,20.54,25.23,17.18,8.05,76.94,97.91,7.1081,4.72
2024-10-28,3.5998,19.67,25.84,14.9,10.94,73.61,98.98,7.075,0.3
2024-10-29,5.1922,19.2,25.68,13.0,12.68,74.59,96.61,7.0229,6.72
2024-10-30,5.2644,19.4,25.1,14.71,10.39,76.85,83.19,7.1635,3.82
2024-10-31,4.6992,19.24,24.72,15.29,9.43,79.82,89.6,7.2912,5.18
2024-11-01,4.9553,18.39,23.15,15.66,7.49,87.74,75.76,7.165,3.51
2024-11-02,4.7556,18.64,23.55,15.21,8.34,84.92,84.84,7.1086,3.42
2024-11-03,4.9867,18.54,22.59,15.35,7.24,86.34,97.46,6.9487,9.89
2024-11-04,3.6732,18.58,23.5,14.83,8.67,82.65,93.85,6.7685,13.12
2024-11-05,4.6939,19.4,24.61,15.29,9.32,83.21,82.95,6.8465,2.53
2024-11-06,5.0594,18.8,23.4,16.09,7.31,87.13,83.83,6.8916,10.07
2024-11-07,4.5367,19.13,24.47,15.79,8.68,85.14,92.12,6.9336,4.17
2024-11-08,2.5961,17.76,21.21,15.33,5.88,89.78,96.59,7.0781,3.72
2024-11-09,4.6675,18.59,22.83,15.04,7.79,87.74,94.17,7.1294,7.14
2024-11-10,3.5059,18.21,21.59,16.38,5.21,88.43,97.39,6.9967,8.88
2024-11-11,3.972,18.66,23.24,15.29,7.95,85.62,97.5,6.8777,8.07
2024-11-12,3.9192,18.02,21.6,15.17,6.43,89.51,93.14,6.7598,7.82
2024-11-13,4.8686,17.36,21.46,14.62,6.84,87.63,82.09,6.913,4.76
2024-11-14,3.7262,16.98,21.45,13.76,7.69,89.15,98.85,6.798,9.41
2024-11-15,4.1311,18.53,24.16,14.4,9.76,85.6,90.13,6.696,9.22
2024-11-16,3.5784,18.25,22.72,14.23,8.49,87.69,97.77,6.8849,4.94
2024-11-17,4.3721,18.33,22.64,15.58,7.06,88.68,84.48,6.8402,2.93
2024-11-18,4.937,18.43,22.74,14.3,8.44,84.02,69.56,6.7733,16.42
2024-11-19,4.5065,18.65,23.27,15.23,8.04,84.98,76.06,6.859,18.41
2024-11-20,3.8681,18.33,21.88,15.28,6.6,87.51,86.91,6.7879,5.63
2024-11-21,3.9302,18.53,23.03,15.44,7.59,84.77,96.14,6.8254,6.33
2024-11-22,3.4387,17.81,20.04,16.55,3.49,92.86,95.22,6.7793,10.72
2024-11-23,3.5532,18.05,21.83,15.39,6.44,84.91,95.51,6.727,11.0
2024-11-24,4.5343,19.22,25.3,14.0,11.3,74.64,61.46,6.7344,0.72
2024-11-25,5.0762,19.16,25.61,12.36,13.25,75.07,48.74,6.8318,0.34
2024-11-26,4.6241,19.67,25.36,15.54,9.82,79.38,64.04,6.619,2.83
2024-11-27,4.9385,19.28,24.33,14.67,9.66,81.32,67.34,6.7267,6.51
2024-11-28,4.3538,19.53,24.77,15.23,9.54,79.07,64.69,6.619,2.48
2024-11-29,3.4925,19.34,24.84,14.91,9.93,78.24,74.59,6.6329,0.15
2024-11-30,4.7654,19.44,24.96,14.08,10.88,77.63,56.26,6.6538,0.78
2024-12-01,4.2497,20.14,25.28,15.57,9.71,78.82,74.55,6.5887,0.15
2024-12-02,4.531,19.72,24.25,16.48,7.77,82.4,78.3,6.6554,0.86
2024-12-03,4.7546,19.76,25.51,15.41,10.1,80.43,65.99,6.5923,5.0
2024-12-04,4.7398,19.91,24.69,16.2,8.49,82.83,65.52,6.6439,2.66
2024-12-05,4.7832,19.87,24.93,16.3,8.63,80.57,65.75,6.6139,0.76
2024-12-06,4.8185,18.86,23.74,14.88,8.86,84.46,55.14,6.5494,2.54
2024-12-07,4.7926,18.58,23.77,14.89,8.88,84.04,55.0,6.5736,1.25
2024-12-08,5.0496,19.25,24.81,15.0,9.81,77.49,51.54,6.6053,0.1
2024-12-09,4.799,19.82,25.45,15.4,10.05,74.54,67.88,6.6194,0.02
2024-12-10,4.4724,19.27,24.98,14.21,10.77,75.05,63.1,6.6677,0.02
2024-12-11,5.6359,19.65,26.08,14.1,11.98,76.16,43.75,6.619,0.39
2024-12-12,4.6442,18.1,21.33,15.64,5.69,91.95,66.07,6.6463,7.93
2024-12-13,4.5103,18.62,23.91,14.67,9.24,86.43,69.16,6.6283,1.33
2024-12-14,4.9279,18.41,21.96,15.11,6.85,87.32,55.34,6.5534,1.8
2024-12-15,4.0807,18.42,21.77,15.69,6.08,88.36,72.01,6.5798,0.38
2024-12-16,3.7678,19.34,23.84,16.09,7.75,79.87,91.6,6.4752,10.21
2024-12-17,3.9538,19.79,25.26,15.67,9.59,76.78,76.1,6.4594,5.56
2024-12-18,4.5521,19.98,25.01,15.72,9.29,77.5,62.06,6.4805,0.84
2024-12-19,4.9474,20.05,24.77,16.42,8.35,80.14,71.04,6.6058,2.3
2024-12-20,4.3294,20.13,25.45,15.84,9.61,78.56,71.47,6.5784,8.07
2024-12-21,3.6408,19.69,25.07,15.59,9.48,78.26,91.07,6.3533,4.4
2024-12-22,4.2826,18.88,24.43,14.92,9.51,83.0,77.6,6.4903,9.09
2024-12-23,3.0079,19.36,24.66,15.23,9.43,79.67,97.45,6.4514,16.49
2024-12-24,4.224,18.74,23.46,14.74,8.72,79.65,81.93,6.5563,9.66
2024-12-25,4.2022,19.49,24.36,15.88,8.48,82.46,69.81,6.5366,1.13
2024-12-26,4.4052,18.95,24.08,15.01,9.07,82.1,77.88,6.5544,4.95
2024-12-27,4.1016,18.47,21.78,16.16,5.62,90.04,87.61,6.541,19.6
2024-12-28,3.4786,18.65,22.28,15.81,6.47,87.99,93.42,6.4591,18.9
2024-12-29,4.073,17.9,21.66,15.12,6.54,88.28,86.71,6.51,11.09
2024-12-30,3.3199,18.28,22.83,15.25,7.58,88.2,91.16,6.4181,6.42
2024-12-31,5.1403,18.6,23.8,15.65,8.15,80.39,53.9,6.6473,3.72
